CustomerID,Cluster_V1,Cluster_V2,Recency,Frequency,Monetary
000nan,1,1,1,1373,1716830.53
012346,0,0,326,1,77183.6
012747,0,1,2,11,4196.01
012748,1,1,1,209,33719.73
012749,0,1,4,5,4090.88
012820,0,1,3,4,942.34
012821,0,0,214,1,92.72
012822,0,1,71,2,948.88
012823,0,1,75,5,1759.5
012824,0,1,60,1,397.12
012826,0,1,3,7,1474.72
012827,0,1,6,3,430.15
012828,0,1,3,6,1018.71
012829,0,0,337,2,293.0
012830,0,1,38,6,6814.64
012831,0,0,262,1,215.05
012832,0,1,32,2,383.03000000000003
012833,0,0,145,1,417.38
012834,0,0,283,1,312.38
012836,0,1,59,4,2612.86
012837,0,0,173,1,134.1
012838,0,1,34,2,683.13
012839,0,1,3,14,5591.42
012840,0,0,144,4,2726.77
012841,0,1,5,25,4022.35
012842,1,1,70,2,1118.99
012843,0,1,66,8,1702.26
012844,0,1,29,2,325.96000000000004
012845,0,0,267,4,354.09000000000003
012847,0,1,22,1,871.54
012849,0,1,31,2,1050.89
012851,0,1,97,1,135.18
012852,0,0,295,1,311.55
012853,0,1,135,6,1957.1000000000001
012854,0,1,79,3,1324.5
012855,0,0,373,1,38.1
012856,0,1,8,6,2179.93
012857,0,0,211,2,1106.4
012863,0,1,52,1,521.2
012864,0,1,138,1,147.12
012867,0,1,26,7,4036.82
012868,0,0,186,6,1607.0600000000002
012871,0,1,84,2,380.64
012872,0,0,327,2,599.97
012873,0,0,282,1,374.0
012875,0,0,143,2,343.2300000000001
012877,0,1,4,12,1535.77
012878,0,0,236,2,854.99
012879,0,1,45,3,573.22
012881,0,0,276,1,298.0
012882,0,1,9,2,1463.04
012883,0,1,25,4,703.47
012884,0,1,88,1,309.05
012885,0,1,63,3,1175.22
012886,0,1,68,2,1378.4
012888,0,0,214,2,354.12
012890,0,1,24,1,380.46999999999997
012891,0,0,186,3,331.0
012893,0,1,31,1,188.14
012895,0,1,42,2,372.8
012897,0,0,205,2,216.5
012901,0,1,9,28,17654.54
012902,0,0,265,1,138.68
012904,0,1,18,2,509.58
012906,0,1,12,5,2919.81
012908,0,0,176,2,750.0
012909,0,1,40,5,2178.67
012910,0,1,23,8,3075.04
012912,0,1,3,5,1662.3
012913,0,1,5,5,2483.63
012915,0,0,149,2,363.65
012916,0,1,139,4,3006.15
012917,0,1,128,1,594.0
012919,0,1,8,6,1335.19
012920,0,1,17,1,164.23
012921,0,1,9,37,16587.09
012922,0,0,161,1,405.38
012923,0,1,64,1,176.97
012924,0,1,88,4,933.7
012925,0,1,5,2,694.05
012928,0,1,35,5,2062.7
012929,0,0,312,1,117.85
012930,0,1,78,2,415.8
012931,0,1,22,15,42055.96
012933,0,1,24,3,607.53
012935,0,1,2,7,2160.7
012936,0,1,17,4,1063.9
012937,0,1,15,4,1504.27
012938,0,1,26,1,114.14
012939,0,1,64,8,11581.8
012940,0,1,55,2,913.54
012942,0,1,131,3,683.9
012944,0,1,36,2,604.51
012945,0,0,288,1,462.95
012947,0,0,144,6,1603.99
012948,0,1,16,7,2064.95
012949,0,1,31,8,4167.22
012950,0,1,2,3,1843.0
012951,0,1,9,6,1064.07
012952,0,1,6,4,1387.79
012953,0,1,10,1,329.85
012955,0,1,1,11,4757.16
012956,0,0,306,1,108.07
012957,0,1,10,8,4017.54
012962,0,1,7,2,266.39
012963,0,1,8,8,1856.63
012965,1,1,89,1,771.91
012966,0,1,10,1,160.18
012967,0,0,358,2,1660.9
012968,0,1,112,1,135.95
012970,0,1,7,4,452.24
012971,0,1,4,86,11189.91
012974,0,0,198,1,144.8
012976,0,0,212,1,738.6
012977,0,0,156,1,39.239999999999995
012980,0,0,158,9,7374.900000000001
012981,0,1,30,2,372.21999999999997
012982,0,0,243,1,390.54
012984,0,1,19,1,97.5
012985,0,1,1,2,1239.38
012987,0,1,74,2,558.7
012988,0,0,292,1,535.32
012989,0,1,3,15,6924.11
012990,0,1,31,3,409.5
012991,0,1,23,2,503.76
012993,0,1,23,4,414.76
012994,0,1,4,3,974.42
012995,0,1,85,1,211.32
012997,0,1,22,4,1226.89
012999,0,0,196,3,455.88
013000,0,1,107,3,534.85
013001,0,1,4,13,9818.82
013002,0,0,318,1,120.95
013003,0,1,106,3,149.05
013004,0,1,12,18,5655.91
013005,0,0,174,2,513.7
013006,0,1,56,1,81.57
013008,0,0,323,1,229.47
013011,0,0,372,1,50.550000000000004
013012,0,1,9,8,1661.8400000000001
013013,0,1,1,13,4810.9400000000005
013014,0,1,11,10,3466.28
013015,0,1,53,5,3346.28
013016,0,1,73,3,789.89
013017,0,1,7,1,204.0
013018,0,1,16,28,7277.7
013021,0,1,4,9,2616.38
013023,0,1,64,2,689.9
013026,0,1,1,5,975.36
013027,0,1,114,6,6912.0
013028,0,1,23,2,661.3199999999999
013029,0,1,31,3,1247.5
013030,0,1,11,2,799.48
013032,0,1,52,2,1010.1800000000001
013033,0,0,357,1,190.55
013034,0,1,55,2,642.77
013035,0,1,74,2,921.88
013037,1,1,138,3,881.07
013038,0,1,80,3,908.46
013040,0,1,9,2,676.99
013043,0,0,273,1,516.42
013044,1,0,291,1,560.47
013045,0,1,99,1,305.28000000000003
013046,0,1,31,2,629.31
013047,0,1,32,10,3237.54
013048,0,1,14,4,1835.91
013049,0,1,64,2,656.6800000000001
013050,1,1,15,17,5836.86
013052,0,0,212,1,348.15000000000003
013055,0,1,78,3,1214.41
013058,0,1,25,3,271.40000000000003
013059,0,0,250,1,183.4
013060,0,0,254,1,307.53000000000003
013061,0,1,72,1,248.61
013062,0,0,191,1,346.98
013064,0,1,13,4,1119.49
013065,0,0,373,1,205.86
013066,0,1,24,2,470.8
013067,0,1,82,1,115.46000000000001
013068,0,1,10,2,344.0
013069,0,1,1,24,4436.12
013070,0,0,192,1,228.8
013072,0,0,267,1,177.15
013075,0,1,130,1,919.61
013077,0,1,1,4,729.27
013078,0,1,3,26,12627.94
013079,0,1,4,5,220.10000000000002
013080,0,0,179,1,58.08
013081,0,1,12,11,28337.38
013082,0,1,126,9,3613.63
013083,0,1,4,2,303.75
013085,0,0,158,2,416.08
013089,1,1,3,97,58825.83
013090,0,1,9,14,8910.82
013091,0,1,28,1,345.82
013092,0,1,71,5,477.83
013093,0,0,276,8,7832.47
013094,0,1,21,12,1927.3200000000002
013095,0,1,71,1,74.39999999999999
013097,0,1,33,10,6010.42
013098,0,1,1,28,28882.44
013099,0,1,99,1,207.36
013101,0,0,234,1,101.19
013102,0,1,1,24,6424.09
013103,0,1,40,1,243.94
013104,0,1,3,6,1098.48
013106,0,1,133,1,76.5
013107,0,1,44,4,1531.6200000000001
013108,0,0,373,1,350.06
013109,0,1,60,2,786.54
013110,0,1,31,7,1488.67
013113,0,1,1,24,12245.960000000001
013115,0,1,12,4,2294.78
013116,0,1,138,1,501.14
013117,0,1,22,8,984.91
013118,0,1,20,5,1197.81
013120,0,0,239,1,30.6
013121,0,0,269,1,283.73
013122,0,1,94,2,922.39
013124,0,1,90,3,3866.33
013126,0,1,5,8,2099.64
013127,0,1,78,1,259.17
013130,0,1,94,1,64.0
013131,0,1,23,3,1073.3
013132,0,0,262,1,77.3
013133,0,0,274,2,109.8
013134,0,1,86,4,1793.58
013135,0,0,197,1,3096.0
013136,0,1,56,5,2607.61
013137,1,1,11,8,3650.41
013138,0,1,22,6,962.39
013139,0,1,16,7,5064.9400000000005
013140,0,1,108,3,423.72
013141,0,1,85,5,2388.75
013142,0,1,19,1,307.09000000000003
013144,0,0,333,1,110.95
013145,0,1,40,4,618.52
013146,0,1,26,1,228.91
013147,0,1,10,4,712.8
013148,0,1,29,12,3707.12
013149,0,1,14,4,1676.06
013151,0,0,296,1,1257.8700000000001
013153,0,1,6,1,486.22
013155,0,1,33,4,971.76
013157,0,1,49,4,1741.22
013158,0,1,95,4,1201.06
013159,0,1,9,4,1437.85
013160,0,1,22,1,91.8
013161,0,0,313,1,112.75
013162,0,1,122,4,1688.29
013165,0,1,46,2,1021.48
013166,0,0,283,1,417.2
013167,0,1,19,4,791.33
013168,0,1,36,4,1319.19
013169,0,1,64,2,712.88
013170,0,1,27,1,116.00999999999999
013171,0,1,22,3,468.41
013173,0,1,4,2,353.65000000000003
013174,0,1,16,3,2817.03
013176,0,1,46,1,492.84
013177,0,1,65,1,282.45
013178,0,1,26,11,5725.47
013182,0,1,45,1,121.18
013183,0,1,8,9,3957.78
013184,0,1,15,10,1701.29
013185,0,0,268,1,71.4
013186,0,1,40,3,1575.89
013187,0,0,337,1,236.02
013188,0,1,11,1,114.6
013189,0,1,19,2,260.68
013192,0,1,95,2,911.94
013193,0,1,61,1,117.88
013194,0,1,136,1,60.7
013196,0,1,11,4,1797.78
013198,0,1,10,6,3401.2400000000002
013199,0,1,4,38,9817.12
013200,0,1,19,4,870.09
013203,0,1,10,4,869.46
013207,0,1,15,2,250.26000000000002
013208,0,1,59,6,1223.9
013209,0,1,30,8,5891.61
013210,0,1,94,1,353.48
013211,0,1,10,3,1197.42
013212,0,1,20,3,788.08
013213,0,1,57,5,1520.58
013216,0,0,268,1,333.74
013217,0,1,122,3,533.98
013218,0,1,127,1,62.64
013220,0,1,78,4,819.2900000000001
013221,0,0,240,2,847.41
013223,0,0,200,2,163.2
013224,0,1,60,2,2155.95
013225,0,1,3,7,6463.84
013226,0,0,273,1,108.21000000000001
013227,0,0,202,1,257.7
013228,0,1,81,1,358.0
013229,0,0,226,1,160.95
013230,0,1,4,14,2806.97
013232,0,1,13,7,1357.6
013233,0,1,74,2,605.12
013235,0,0,212,1,1031.07
013236,0,1,24,2,744.85
013238,0,1,17,4,700.73
013239,0,0,262,1,329.56
013240,0,1,96,4,663.65
013242,0,1,112,3,270.40000000000003
013243,0,0,203,1,600.07
013244,0,1,93,1,121.74000000000001
013245,0,1,51,1,430.5
013246,0,1,18,6,1987.3
013247,0,1,18,4,501.12
013248,0,1,125,2,465.68
013249,0,1,92,3,711.41
013253,0,0,157,2,1030.4
013255,0,1,9,2,399.51
013258,0,1,12,3,698.5799999999999
013259,0,1,62,1,292.32
013260,0,1,61,1,557.62
013261,0,0,269,2,944.1
013262,0,0,263,1,200.29
013263,1,1,1,35,7454.07
013265,1,1,53,5,2107.66
013266,0,1,11,12,3834.2599999999998
013267,0,1,3,19,4521.49
013268,0,1,18,11,3214.69
013269,0,1,1,15,5346.2300000000005
013270,0,0,366,1,590.0
013271,0,1,37,1,217.38
013272,0,1,31,2,276.56
013273,0,1,113,1,138.98
013276,0,1,64,2,590.9300000000001
013277,0,1,16,4,258.4
013278,0,1,41,1,542.73
013279,0,1,78,1,137.75
013280,0,1,122,3,814.86
013282,0,1,18,3,1132.14
013283,0,1,60,2,93.66
013284,0,0,331,1,201.19
013285,0,1,23,4,2709.12
013291,0,0,156,1,361.11
013292,0,1,39,2,578.94
013294,0,0,190,2,873.74
013295,0,0,360,1,201.20000000000002
013296,0,1,137,1,87.4
013297,0,1,8,4,2089.85
013298,0,1,1,1,360.0
013299,0,0,268,1,142.5
013300,0,0,169,1,371.89
013301,0,1,104,4,618.09
013302,0,0,155,1,63.75
013304,0,0,351,1,300.42
013305,0,1,4,10,2000.86
013307,0,1,120,1,15.0
013308,0,1,23,3,1385.51
013309,0,1,7,5,1456.79
013310,0,1,28,3,1132.03
013311,0,1,4,2,598.57
013313,0,1,22,5,1555.3200000000002
013314,0,1,2,3,775.94
013316,0,1,37,4,5977.73
013317,0,1,66,6,2273.68
013318,0,1,1,3,640.76
013319,0,1,5,26,10845.550000000001
013320,0,1,78,4,1548.7
013321,0,1,72,2,567.36
013322,0,1,17,1,199.48000000000002
013323,0,1,3,5,787.85
013324,0,1,36,10,7121.95
013325,0,1,82,1,675.3
013327,0,1,39,8,3627.77
013328,0,0,316,1,1308.48
013329,0,1,32,2,789.0
013330,0,1,93,3,1140.93
013332,0,1,14,1,350.90000000000003
013334,0,1,82,3,3536.82
013336,0,1,77,1,795.12
013338,0,0,158,1,487.02
013339,0,0,201,1,860.12
013340,0,1,45,7,10736.48
013341,0,0,261,1,775.85
013343,0,0,178,1,353.43
013344,1,1,68,3,2543.7200000000003
013345,0,0,288,1,389.5
013347,0,1,70,1,341.36
013348,0,1,64,1,233.76000000000002
013349,0,1,11,1,247.32
013350,0,1,16,2,979.12
013351,0,1,66,1,373.94
013352,0,1,60,1,397.98
013354,0,1,71,2,743.53
013355,0,1,122,1,674.7
013356,0,1,80,1,768.24
013357,0,0,257,1,609.95
013358,0,0,269,1,439.03000000000003
013359,0,1,64,1,439.56
013362,0,1,9,4,3090.7400000000002
013363,0,1,18,2,992.5
013364,0,1,71,1,134.96
013365,0,1,34,2,2225.37
013366,0,1,50,1,56.16
013368,0,0,257,2,623.4
013369,0,0,366,1,308.28000000000003
013370,0,0,372,1,754.87
013372,0,1,90,1,378.64
013373,1,1,61,3,3312.25
013375,0,1,89,1,778.65
013376,0,1,99,3,1019.76
013379,0,1,26,3,572.56
013381,0,1,32,6,3639.31
013382,0,0,281,1,222.99
013384,0,1,31,7,4151.93
013385,0,0,330,1,534.57
013388,0,1,131,2,677.1
013389,0,1,11,3,797.96
013390,0,1,75,1,544.08
013391,0,0,204,1,59.8
013394,0,1,2,8,2520.02
013395,0,0,185,1,307.72
013396,0,1,29,2,1360.99
013397,0,1,73,5,1544.13
013398,0,0,192,1,457.34000000000003
013402,0,1,127,2,621.23
013403,0,1,18,1,75.0
013404,0,1,1,2,252.49
013405,0,1,74,3,572.451
013408,0,1,2,62,28117.04
013410,0,1,24,5,1003.06
013411,0,1,107,1,213.55
013414,0,1,134,3,1390.5
013416,0,1,44,2,712.5
013417,0,1,5,2,640.83
013418,0,1,12,18,6127.43
013419,0,1,64,1,221.06
013420,0,0,150,2,159.85
013421,0,1,40,2,1851.08
013422,0,1,64,1,2626.3
013425,1,1,108,3,1624.21
013426,0,1,1,10,3641.32
013427,0,1,19,3,582.6
013428,0,1,10,1,218.47
013429,0,1,11,4,1006.8
013430,0,1,19,2,679.45
013431,0,1,67,2,1269.1
013434,0,1,74,2,534.24
013435,0,1,5,7,3809.89
013436,0,1,2,1,196.89
013437,0,1,14,7,3408.06
013439,0,0,255,1,283.71
013441,0,1,92,1,296.64
013447,0,1,23,3,1129.14
013448,0,1,17,6,3539.3700000000003
013449,0,1,24,1,291.88
013450,0,1,27,6,2043.72
013451,0,1,26,5,2976.15
013452,0,0,259,2,590.0
013453,0,0,166,2,356.98
013455,0,1,25,2,1058.34
013456,0,1,18,6,1766.72
013458,0,1,7,14,9646.57
013460,0,1,29,2,183.44
013461,0,1,39,3,1445.0
013462,0,0,253,1,151.5
013464,0,1,58,1,674.68
013466,0,0,184,1,307.90000000000003
013467,0,1,11,2,1083.71
013468,0,1,2,37,5704.97
013470,0,1,99,2,165.0
013471,0,1,1,4,2531.58
013473,0,1,61,2,422.64
013474,0,0,236,1,229.59
013475,0,0,191,4,1431.78
013476,0,0,179,2,1238.47
013477,0,1,38,6,1454.58
013479,0,0,201,2,300.95
013481,0,1,46,5,1804.56
013482,0,0,232,1,184.64000000000001
013483,0,1,66,1,140.34
013484,0,0,241,1,313.8
013485,0,0,233,1,454.24
013486,0,1,78,3,1122.41
013487,0,1,58,3,575.4
013488,0,1,17,13,8968.31
013489,0,1,105,4,449.52
013491,0,1,52,10,1215.82
013494,0,0,312,1,316.26000000000005
013495,0,1,8,5,2044.8700000000001
013496,0,1,11,2,653.33
013497,0,0,283,2,348.05
013499,0,1,18,5,1159.1100000000001
013500,0,1,23,3,1166.77
013502,0,1,17,3,292.0
013503,0,1,71,1,216.85
013504,0,1,64,1,295.93
013506,0,0,316,2,458.52
013507,0,1,3,4,2479.16
013508,0,0,244,1,110.97
013509,0,1,9,7,979.72
013510,0,1,1,4,1791.56
013512,0,0,261,1,251.21
013513,0,1,127,1,205.1
013514,0,1,74,1,152.20000000000002
013515,0,1,73,4,891.12
013516,0,1,21,3,1389.41
013517,0,1,60,3,2128.42
013518,0,1,86,1,659.44
013519,0,1,78,1,122.75
013521,0,1,1,3,1093.65
013522,0,1,30,1,125.80000000000001
013523,1,1,33,5,3964.88
013524,0,1,41,5,680.1800000000001
013525,0,1,15,2,628.78
013527,0,1,34,7,2287.51
013529,0,1,79,2,307.76
013531,0,0,205,2,483.8
013532,0,1,34,1,210.31
013533,0,0,183,3,270.79
013534,0,1,2,25,5870.08
013536,0,1,1,7,3448.29
013538,0,1,43,7,1280.85
013539,0,1,86,3,631.34
013544,0,1,40,2,291.41
013546,0,1,12,3,626.99
013548,0,1,96,2,682.41
013549,0,1,26,7,918.2
013551,0,0,319,1,91.80000000000001
013552,0,1,66,12,3740.07
013555,0,1,74,4,4149.28
013557,0,1,28,2,584.0600000000001
013558,0,1,6,4,605.06
013560,0,1,7,1,174.37
013561,0,0,216,1,141.85999999999999
013562,0,1,82,3,1799.3300000000002
013563,0,1,84,2,777.53
013564,0,1,144,3,1749.02
013565,0,1,19,2,240.22
013566,0,1,41,2,874.71
013568,0,0,173,1,192.85
013569,0,1,17,2,373.75
013570,0,0,243,1,239.49
013571,0,1,13,12,2092.32
013572,0,0,206,1,1384.25
013573,0,1,50,2,294.40000000000003
013575,0,1,23,5,732.07
013576,0,1,10,18,6717.34
013577,0,1,25,4,1687.6000000000001
013579,0,1,15,2,467.04
013581,0,0,309,1,118.0
013583,0,0,156,1,781.03
013584,0,0,307,1,142.4
013587,0,1,64,1,712.4
013588,0,1,16,9,2478.95
013589,0,1,15,2,379.65
013590,0,1,11,6,1981.92
013591,0,1,65,3,1117.13
013592,0,1,36,4,247.95999999999998
013593,0,1,108,5,2037.0800000000002
013594,0,1,53,1,396.97
013596,0,1,6,2,697.04
013598,0,1,47,1,180.17000000000002
013599,0,1,1,21,5153.67
013600,0,0,312,1,219.52
013601,0,1,45,2,693.32
013602,0,1,65,1,428.89
013603,0,1,26,1,164.34
013606,0,1,29,3,280.54
013607,0,1,40,1,678.01
013610,0,1,12,7,1131.88
013611,0,1,89,3,1171.8
013614,0,1,24,4,1610.46
013615,0,0,319,1,417.69
013617,0,1,40,3,544.18
013618,0,0,174,1,177.34
013621,0,1,117,1,213.85
013623,0,1,31,5,747.78
013626,0,0,253,1,257.23
013627,0,1,59,5,1638.47
013629,0,1,23,11,7792.36
013630,0,1,5,7,2031.78
013631,0,1,100,11,3070.42
013632,0,1,25,5,2121.27
013634,0,1,33,5,1575.16
013635,0,1,68,1,1071.03
013636,0,1,37,5,949.12
013637,0,1,52,3,810.5
013638,0,1,16,1,122.64
013639,0,1,74,1,1033.34
013642,0,0,216,1,354.8
013643,0,1,31,3,519.44
013644,0,1,16,4,2624.26
013645,0,1,120,1,252.1
013647,0,1,10,4,1678.1200000000001
013649,0,0,257,2,346.6
013650,0,1,17,6,1836.3400000000001
013651,0,1,35,2,94.2
013652,0,1,46,3,1095.08
013654,0,1,43,6,2707.33
013655,0,1,114,2,932.97
013656,0,0,165,2,379.65
013657,0,1,11,2,382.14
013658,0,1,10,5,2639.17
013659,0,0,206,2,1573.2
013662,1,1,86,3,897.76
013663,0,0,179,1,189.47
013666,0,1,60,3,84.65
013667,0,0,149,1,305.02
013668,0,1,3,21,6363.59
013669,0,1,51,2,218.55
013670,0,1,75,1,349.7
013672,0,0,301,2,186.39000000000001
013673,0,1,19,2,396.92
013675,0,0,151,2,486.82000000000005
013678,0,0,152,1,232.6
013680,0,1,1,4,3722.42
013681,0,1,18,4,827.83
013682,0,0,187,1,59.5
013684,0,0,286,1,67.23
013685,0,1,3,7,3119.44
013686,0,0,183,1,72.0
013689,0,1,63,1,910.0
013690,0,1,59,1,172.25
013692,0,1,25,3,1488.32
013694,0,1,4,50,65039.62
013695,0,1,31,15,2504.13
013697,0,1,39,1,151.3
013699,0,0,155,1,308.58000000000004
013700,0,1,26,10,2265.12
013703,0,0,318,1,99.5
013704,0,1,5,9,2308.06
013705,0,1,8,3,711.86
013706,1,0,303,1,330.79
013707,0,0,267,2,806.41
013708,0,0,271,1,296.88
013709,0,1,4,13,6328.05
013710,0,1,32,1,180.48
013711,0,0,219,2,252.06
013712,0,0,247,1,228.84
013715,0,0,281,5,1079.34
013716,0,0,269,1,138.28
013717,0,1,32,6,1445.01
013718,0,0,246,2,306.55
013719,0,1,15,5,1041.68
013720,0,1,117,4,799.9
013721,0,1,36,1,524.14
013722,0,1,132,3,2375.41
013723,0,0,217,1,199.85000000000002
013725,0,1,50,8,1980.56
013726,0,1,39,2,1079.66
013727,0,1,29,2,333.48
013728,0,1,37,6,1016.14
013730,0,1,136,2,752.6
013731,0,0,219,2,610.59
013732,0,1,28,1,491.86
013735,0,1,25,4,2885.2400000000002
013736,0,1,5,2,731.9
013737,0,0,200,1,339.6
013739,0,1,18,1,216.9
013740,0,0,241,1,350.75
013741,0,1,72,3,668.4300000000001
013742,0,1,17,12,3131.02
013743,0,1,3,7,1341.6
013744,0,1,95,2,1156.36
013745,0,0,162,1,300.04
013747,0,0,374,1,79.6
013748,0,1,96,5,948.25
013750,0,1,54,5,1647.26
013751,0,0,288,1,296.25
013752,0,1,124,6,1186.28
013753,0,0,288,1,741.26
013754,0,0,152,2,282.6
013755,0,1,4,9,2161.35
013756,0,1,2,14,5189.52
013758,0,1,12,7,3190.55
013759,0,1,33,2,659.4100000000001
013760,0,1,54,2,286.79
013761,0,1,50,2,1070.65
013762,0,0,219,1,306.72
013763,0,1,63,1,1714.96
013764,0,1,71,3,1521.76
013767,0,1,2,37,17220.36
013769,0,1,2,10,2796.51
013771,0,1,64,4,2634.45
013772,0,1,34,3,1132.13
013774,0,1,82,1,345.0
013777,0,1,1,33,25977.16
013778,0,1,103,1,178.7
013780,0,1,7,2,360.01
013781,0,0,251,1,127.84
013782,0,1,13,6,912.0
013784,0,1,10,11,2462.79
013786,0,0,367,1,230.4
013787,0,1,76,2,309.04
013790,0,1,4,1,348.79999999999995
013791,0,1,128,2,1516.0
013792,0,1,66,2,195.55
013798,0,1,1,57,37153.85
013799,0,1,117,2,688.86
013800,0,0,310,1,558.32
013801,0,1,67,1,324.8
013802,0,1,139,3,4599.42
013803,0,0,255,1,277.07
013804,0,1,31,7,2635.79
013805,0,1,52,2,924.5999999999999
013806,0,1,64,1,256.38
013807,0,0,367,1,112.6
013808,0,1,6,5,1747.66
013819,0,0,302,3,1140.35
013821,0,0,145,2,385.64
013822,0,1,6,2,632.0
013823,0,1,19,2,957.66
013824,0,1,33,5,1698.94
013826,0,0,176,1,189.5
013827,0,1,58,3,412.05
013828,0,1,22,1,209.49
013831,0,1,16,6,2202.99
013832,0,1,19,1,52.2
013833,0,0,159,1,384.8
013835,0,1,25,4,834.57
013837,0,0,212,2,271.24
013838,0,1,6,4,691.73
013841,0,0,253,1,85.0
013842,0,1,59,9,3385.62
013844,0,1,11,1,361.62
013845,0,1,65,1,312.98
013846,0,1,25,3,865.0600000000001
013848,0,1,92,3,1255.0
013849,0,1,52,2,1537.95
013850,0,1,129,1,1595.48
013851,0,1,96,3,2651.46
013853,0,1,57,1,1090.1399999999999
013854,0,1,9,25,8109.5199999999995
013856,0,0,169,3,388.5
013858,0,1,57,1,216.17000000000002
013859,0,0,326,1,201.16
013860,0,1,1,5,1245.9
013862,0,1,18,8,2209.36
013863,0,0,248,1,305.78
013865,0,1,58,4,501.56
013866,0,1,74,1,145.67
013867,0,1,31,3,1015.29
013868,0,1,7,2,3192.54
013869,1,1,123,4,3104.9500000000003
013870,0,1,2,8,2770.94
013871,0,1,23,13,6403.25
013873,0,1,120,3,389.6
013874,0,0,358,1,540.45
013875,0,1,54,5,1786.79
013876,0,1,64,1,122.7
013877,0,1,86,1,117.24
013878,0,1,55,1,1281.53
013880,0,1,21,13,3219.77
013881,0,1,3,20,17159.52
013882,0,1,3,5,1191.13
013883,0,1,11,5,2674.48
013884,0,1,7,5,787.6
013885,0,0,189,2,506.8
013886,0,1,71,1,243.56
013887,0,0,204,1,349.55
013888,0,1,120,2,605.63
013889,0,1,93,1,416.90000000000003
013890,0,1,1,10,1883.81
013892,0,1,27,4,632.97
013893,0,0,298,1,821.1
013894,0,1,24,3,564.62
013895,0,1,28,4,2593.07
013897,0,1,50,1,311.16
013898,0,0,326,1,155.93
013899,0,1,16,2,388.52
013900,1,0,183,3,740.95
013901,0,1,72,5,2867.2000000000003
013904,0,1,37,2,332.64
013908,0,1,80,4,2369.55
013911,1,1,57,9,2580.91
013914,0,1,12,2,626.45
013917,0,1,50,2,272.04
013918,0,1,50,2,1212.8400000000001
013922,0,0,352,1,172.25
013923,0,1,54,1,351.13
013924,0,1,2,6,1838.8500000000001
013925,0,1,93,4,678.25
013926,0,1,23,1,223.85000000000002
013927,0,1,75,1,348.99
013928,0,1,11,4,464.57
013929,0,0,169,2,842.65
013930,0,1,58,2,337.34
013931,0,1,96,2,1237.53
013932,0,0,295,1,307.4
013933,0,1,109,2,608.79
013934,0,0,264,1,922.1
013936,0,0,180,1,376.58
013937,0,0,169,1,158.85
013938,0,1,35,1,71.66
013939,0,1,23,3,568.55
013940,0,1,17,4,839.14
013941,0,1,22,5,5112.96
013946,0,1,79,3,561.57
013947,0,1,65,1,90.60000000000001
013948,0,0,361,1,102.0
013949,0,1,3,6,2427.32
013950,0,1,11,4,745.0600000000001
013951,0,0,176,3,674.45
013952,0,0,218,2,3251.071
013953,0,1,7,7,3515.68
013954,0,1,1,2,439.92
013955,0,0,154,2,322.96
013956,0,1,5,5,1026.42
013959,0,1,79,3,598.2
013960,0,1,21,2,230.22
013962,0,1,22,2,169.54999999999998
013963,0,0,308,4,664.54
013967,0,0,146,1,80.7
013969,0,1,7,18,9053.94
013971,0,1,19,8,2758.26
013972,0,1,71,2,190.25
013973,0,0,287,1,264.7
013974,0,1,49,1,413.59000000000003
013975,0,1,31,6,2526.28
013976,0,0,207,1,357.98
013978,0,1,15,2,196.79
013979,0,1,73,1,869.87
013980,0,1,60,1,200.14
013982,0,1,39,4,1871.81
013983,0,1,30,12,2603.43
013984,0,1,27,5,920.51
013985,0,1,4,15,7060.13
013986,0,1,17,1,320.46
013988,1,1,20,6,4147.96
013989,0,1,66,2,1266.08
013990,0,0,213,1,311.3
013991,0,1,12,6,855.97
013992,0,1,30,1,76.8
013993,0,1,43,9,3466.36
013994,0,1,4,6,2313.14
013995,0,1,15,5,1393.69
013999,0,1,10,12,3901.81
014000,0,0,211,1,635.66
014001,0,1,46,3,2043.0800000000002
014002,0,1,134,2,529.73
014004,0,1,43,7,4582.64
014005,0,1,10,5,2874.72
014006,0,1,116,3,962.19
014009,0,0,198,2,695.61
014012,0,0,278,1,328.8
014013,0,1,110,3,473.02
014014,0,1,77,1,505.18
014015,0,1,53,1,917.34
014019,0,1,47,3,1421.6100000000001
014020,0,1,17,2,642.8
014021,0,0,155,3,631.9
014022,0,0,225,1,440.0
014023,0,1,7,2,584.07
014024,0,1,122,2,327.7
014027,0,1,61,1,104.82
014029,0,1,63,2,467.66
014030,0,1,18,8,2360.09
014031,0,1,7,19,17286.86
014032,0,1,2,11,2975.59
014034,0,1,22,3,651.8199999999999
014035,0,1,29,5,1428.02
014036,0,0,285,1,626.65
014037,0,0,176,2,147.20000000000002
014038,0,1,78,3,1560.38
014039,0,1,33,1,152.2
014040,0,1,41,12,3614.92
014041,0,0,266,1,141.41
014044,0,1,27,4,652.82
014045,0,1,109,4,1659.75
014046,0,0,284,1,154.99
014047,0,1,9,5,1308.6100000000001
014048,0,0,305,1,409.93
014049,0,1,17,4,5681.72
014050,0,1,32,2,746.36
014051,0,1,1,23,15610.390000000001
014052,0,1,20,1,225.35999999999999
014053,0,1,124,2,260.25
014054,0,1,65,1,92.46000000000001
014055,0,1,106,1,725.6400000000001
014056,1,1,1,23,8214.65
014057,0,1,24,17,6217.96
014059,0,0,267,1,183.6
014060,1,1,5,19,6140.42
014062,0,1,10,12,10464.85
014064,0,1,29,5,1353.74
014066,0,0,267,1,152.55
014067,0,1,64,2,374.7
014068,0,0,320,1,265.85
014071,0,1,4,8,1438.82
014073,0,1,32,1,151.04
014075,0,1,5,3,942.26
014076,0,1,129,1,122.47
014077,0,1,41,5,499.42
014078,0,1,102,6,1049.37
014079,0,1,125,1,375.1
014080,0,1,33,1,45.599999999999994
014081,0,0,302,2,934.52
014082,0,0,365,1,182.25
014083,0,1,4,9,1018.43
014085,0,1,2,18,4448.54
014087,0,1,3,1,194.42
014088,0,1,10,13,50491.81
014089,0,1,57,1,161.0
014090,0,0,325,1,76.32000000000001
014092,0,1,8,14,4076.9100000000003
014093,0,1,12,1,442.85
014096,0,1,4,17,65164.79
014098,0,1,37,1,147.35
014099,0,1,16,11,3104.17
014100,0,1,138,1,194.9
014101,0,1,74,6,5976.79
014102,0,1,5,5,1360.28
014104,0,0,154,2,216.21
014105,0,0,239,1,1266.23
014107,0,1,52,7,2703.23
014108,0,1,31,2,597.91
014109,0,1,73,1,144.2
014110,0,1,4,12,5683.15
014111,0,1,14,4,692.85
014112,0,1,23,7,2915.15
014113,0,1,4,4,1840.42
014114,0,0,274,2,386.53
014116,0,1,20,5,1382.74
014117,0,0,144,1,90.0
014121,0,1,4,4,2780.15
014124,0,1,84,1,419.58
014125,0,1,11,3,2740.43
014126,0,1,8,3,706.1300000000001
014127,0,1,123,3,709.71
014128,0,1,61,2,637.5
014129,0,1,2,5,1123.8600000000001
014130,0,0,319,1,483.86
014132,0,1,2,11,3586.03
014133,0,1,130,3,605.64
014135,0,1,2,15,4690.31
014138,0,1,2,2,982.38
014139,0,1,46,1,415.82
014140,0,1,4,2,935.05
014141,0,1,3,4,915.13
014142,0,0,373,1,311.81
014143,0,1,134,1,115.8
014145,0,1,47,4,3742.2
014146,0,1,9,5,4191.0
014147,0,1,78,2,483.4
014148,0,0,234,1,157.2
014149,0,0,221,1,446.62
014150,0,1,36,2,658.64
014152,0,1,75,2,621.29
014154,0,0,239,2,1345.62
014155,0,0,266,1,118.75
014157,0,1,20,2,432.88
014158,0,1,40,1,507.65999999999997
014159,0,1,20,11,4693.01
014161,0,0,216,3,1110.52
014162,0,0,174,2,289.36
014163,0,1,87,4,2445.91
014164,0,1,71,2,1631.77
014165,0,0,276,1,122.53999999999999
014167,0,1,39,4,574.84
014171,0,1,98,1,363.79
014173,0,1,11,4,450.84
014174,0,1,33,1,134.46
014175,0,1,60,3,3222.3
014176,0,0,297,4,576.9000000000001
014177,0,1,86,4,559.41
014178,0,1,9,7,1620.93
014179,0,1,41,2,719.78
014180,0,1,11,25,4748.52
014184,0,1,67,1,452.89
014185,0,0,331,1,197.65
014188,0,1,31,6,2054.36
014189,0,1,2,15,4654.08
014191,0,1,2,13,4684.76
014193,0,1,68,2,853.39
014194,0,1,5,21,11349.52
014195,0,0,202,2,1012.0
014196,0,1,107,1,335.52
014198,0,1,18,4,701.4
014199,0,0,218,1,185.39999999999998
014201,0,1,60,7,747.44
014204,0,1,2,1,161.03
014205,0,1,17,2,466.7
014206,0,0,239,1,328.15999999999997
014208,0,1,95,1,151.74
014209,1,1,11,6,2073.43
014210,0,1,106,6,1905.8400000000001
014211,0,1,53,9,2241.1
014212,0,1,90,1,1070.48
014214,0,1,31,5,1004.38
014215,0,1,12,6,1789.72
014216,0,1,3,4,1839.3
014217,0,1,2,17,2004.98
014218,0,1,43,1,169.48000000000002
014219,0,1,4,1,89.94
014220,0,0,247,2,632.4000000000001
014221,0,1,42,9,3432.8
014222,0,0,177,1,683.17
014223,0,1,92,3,991.13
014224,0,1,110,4,1050.1200000000001
014226,1,1,29,5,2232.19
014227,1,1,26,10,3350.96
014229,0,1,52,3,1547.2
014231,0,0,184,3,925.71
014232,0,1,43,5,2048.07
014233,0,1,49,4,1462.72
014234,0,1,22,4,775.46
014235,0,1,75,5,3144.86
014236,0,1,81,2,490.86
014237,0,0,373,1,161.0
014238,0,0,326,1,146.85
014239,0,1,43,11,2380.85
014240,0,1,30,2,890.34
014241,0,0,184,1,213.70000000000002
014242,0,0,235,2,280.55
014243,0,1,9,10,2588.77
014245,0,0,220,2,1693.45
014246,0,1,111,3,1474.06
014247,0,0,278,1,136.77
014248,0,0,318,1,302.58
014250,0,1,7,3,1904.05
014251,0,1,2,5,2879.7000000000003
014256,0,0,260,2,969.0600000000001
014257,0,1,64,5,3099.7200000000003
014258,0,1,9,9,12669.98
014259,0,0,142,1,120.0
014261,0,1,51,2,1163.45
014262,0,1,8,8,2618.23
014264,0,0,155,2,333.97
014267,0,0,163,3,1516.24
014270,0,0,332,1,492.65000000000003
014271,0,0,226,1,112.32000000000001
014272,0,1,74,2,437.96
014273,0,1,51,4,559.97
014276,0,1,99,3,1119.74
014280,0,0,197,1,134.04
014282,0,1,3,15,3729.34
014284,0,1,31,2,595.25
014285,0,1,21,4,1910.01
014286,0,1,24,3,4628.75
014287,0,1,8,3,176.63
014288,0,0,213,1,426.6
014289,0,1,9,6,911.26
014290,0,1,11,5,2314.65
014291,0,1,2,11,3883.25
014292,0,1,8,9,4871.93
014293,0,1,3,4,1046.56
014295,0,1,40,1,166.20000000000002
014297,0,1,18,4,1305.33
014298,0,1,8,44,51527.3
014299,0,1,8,9,3965.62
014300,0,1,19,1,43.2
014301,0,1,117,1,640.14
014304,0,0,223,1,383.45
014305,0,1,71,3,1858.96
014306,0,1,51,2,2093.32
014307,0,1,89,6,2995.7200000000003
014309,0,1,8,9,2352.53
014311,0,0,243,1,310.26
014312,0,1,47,6,1611.5900000000001
014314,0,1,107,1,120.0
014315,0,1,45,6,2481.13
014317,0,1,65,1,508.58
014320,0,0,207,2,477.79
014321,0,1,11,5,1530.75
014323,0,1,115,2,605.0600000000001
014326,0,0,242,1,183.85
014327,0,0,163,1,311.65000000000003
014329,0,1,17,7,5014.84
014331,0,1,124,2,462.66
014332,0,1,23,3,866.3100000000001
014333,0,1,68,1,415.2
014334,0,1,17,8,2552.21
014336,0,1,17,4,1614.91
014338,0,0,161,2,588.22
014339,0,0,243,1,309.52000000000004
014340,0,0,219,1,134.7
014341,0,1,45,8,2182.28
014342,0,1,21,4,668.5600000000001
014344,0,1,127,8,889.9300000000001
014345,0,1,39,1,108.98
014346,0,1,121,2,1021.58
014348,0,0,260,1,409.57
014349,0,1,10,1,133.5
014350,0,0,274,1,282.93
014351,0,0,165,1,51.0
014352,0,0,157,4,1078.96
014353,0,0,215,1,90.6
014354,0,1,6,2,163.62
014355,0,0,366,1,174.4
014356,0,1,80,2,701.23
014357,0,1,43,1,225.77
014359,0,1,19,3,912.1800000000001
014360,0,1,32,4,2128.23
014362,0,1,22,1,161.2
014364,0,1,109,8,3717.35
014367,0,1,8,16,9261.52
014368,0,0,320,1,155.0
014371,0,0,295,1,100.5
014373,0,0,358,1,76.55
014375,0,0,185,1,257.68
014377,0,0,191,2,617.05
014379,0,1,44,2,348.1
014381,0,1,52,1,202.68
014382,0,1,26,1,626.07
014383,0,1,38,3,1247.69
014385,0,1,9,3,202.10999999999999
014386,0,0,297,1,142.4
014387,0,1,33,3,1770.56
014388,0,1,10,8,3212.84
014389,0,1,65,2,1043.46
014390,0,1,10,9,4652.82
014393,0,0,218,1,67.95
014395,0,1,2,9,3507.71
014396,0,1,65,2,487.99
014397,0,1,3,19,2612.96
014400,0,0,149,1,574.7
014401,0,1,4,13,4051.48
014403,0,1,130,4,1475.81
014404,0,1,34,6,1474.32
014406,0,1,119,1,156.75
014407,0,1,107,6,2157.73
014408,0,1,11,7,2606.53
014409,0,1,71,6,2059.4500000000003
014410,0,1,92,9,1105.07
014411,0,0,311,1,1063.0
014412,0,1,43,2,770.03
014413,0,0,362,1,122.7
014414,0,1,92,7,1496.98
014415,0,1,1,13,5900.28
014416,0,1,22,2,490.22
014418,0,1,4,3,1937.25
014419,0,1,11,6,1058.06
014420,0,1,99,1,387.52
014421,0,1,57,2,813.11
014422,1,1,1,6,4263.64
014423,0,0,218,1,265.2
014424,0,1,18,1,322.08
014426,0,1,24,10,4481.67
014427,0,1,50,2,363.34000000000003
014428,1,1,7,5,1244.83
014431,0,0,303,1,470.36
014432,0,1,10,6,2255.51
014434,0,1,22,6,1372.8
014436,0,1,99,1,89.06
014437,0,0,366,1,63.0
014438,0,0,306,1,131.9
014440,0,1,8,5,2357.68
014441,0,1,1,4,1712.89
014443,0,1,54,4,1420.2
014446,0,1,1,4,1039.58
014447,0,1,19,5,1163.23
014448,0,1,9,2,375.35
014449,0,1,19,4,907.1
014450,0,0,181,3,483.25
014451,0,1,60,2,662.59
014452,0,1,11,2,264.44
014453,0,0,190,1,119.93
014456,1,1,5,9,3062.4
014457,0,0,311,1,113.64
014459,0,0,155,1,1837.92
014460,0,1,110,3,434.34
014461,1,1,148,3,2103.06
014462,0,1,66,11,2004.02
014463,0,1,98,3,529.62
014465,0,0,247,3,1058.6200000000001
014466,0,1,29,7,2272.4
014467,0,1,18,4,598.76
014470,0,1,12,2,461.19
014472,0,1,104,8,1936.84
014473,0,1,74,2,234.34
014474,0,1,46,1,547.66
014475,0,1,72,3,925.85
014476,0,0,257,1,215.7
014477,0,1,20,4,1309.6
014479,0,0,254,2,316.25
014480,0,1,11,1,279.05
014481,0,0,165,2,636.51
014482,0,1,18,6,2068.15
014483,0,0,282,1,137.1
014484,0,1,50,1,321.92
014485,0,1,39,1,165.75
014487,0,1,27,6,1196.33
014488,0,1,68,1,1064.28
014489,0,0,207,1,463.38
014491,0,0,175,2,340.93
014493,0,1,7,5,2383.2400000000002
014494,0,1,26,1,139.56
014495,0,1,51,2,123.80000000000001
014496,0,0,312,2,538.8100000000001
014497,0,0,309,1,475.37
014498,0,1,43,5,1957.32
014499,0,1,26,3,815.32
014500,0,1,88,3,356.85
014501,0,0,184,2,251.21
014502,0,1,20,11,2470.67
014503,0,1,3,6,3543.26
014504,0,1,47,4,673.26
014505,0,1,17,8,5905.64
014506,0,1,17,5,2012.17
014507,0,1,24,6,1383.18
014508,0,1,22,2,276.42
014511,1,1,11,5,1314.81
014512,0,0,188,2,275.28
014513,0,1,101,3,455.59000000000003
014514,0,1,61,3,1055.35
014515,0,1,18,6,2102.09
014517,0,1,33,2,330.45
014518,0,1,64,1,174.37
014520,0,1,2,2,270.6
014522,0,1,24,4,974.54
014523,0,1,108,1,241.09
014524,0,1,32,9,1867.68
014525,0,1,20,9,4332.2
014527,0,1,3,55,8508.82
014528,0,1,37,1,364.21999999999997
014529,0,1,60,3,620.04
014530,0,1,26,6,2925.91
014532,0,0,236,4,932.85
014533,0,1,25,7,1949.72
014534,0,1,3,18,4447.05
014535,0,1,60,3,2864.19
014536,0,0,260,1,171.8
014537,0,1,58,1,355.56
014538,0,1,65,2,388.25
014539,0,1,16,2,537.48
014540,0,1,10,3,996.26
014541,0,1,59,8,1461.65
014542,0,0,186,1,103.25
014543,0,1,29,16,3630.33
014544,0,1,24,2,2024.45
014546,0,1,5,5,2578.09
014547,0,1,4,8,4007.54
014548,0,0,151,2,652.8
014549,0,0,311,1,289.24
014550,0,1,11,2,765.62
014551,0,1,18,2,186.23
014552,0,0,152,1,165.07
014553,0,1,19,5,859.27
014554,0,1,10,4,2381.04
014555,0,1,57,2,324.14
014557,0,1,85,1,788.38
014560,0,1,7,22,2237.77
014561,0,1,76,3,1080.76
014562,1,1,4,18,5074.77
014565,0,1,96,4,3099.12
014567,0,1,57,2,1530.3600000000001
014569,0,1,1,1,227.39
014570,0,0,281,2,218.06
014572,0,1,3,7,2832.84
014573,0,0,180,9,1653.42
014576,0,0,372,1,35.400000000000006
014577,0,1,13,4,859.71
014578,0,1,3,1,168.63
014581,0,1,17,1,138.6
014582,0,1,41,1,114.11
014583,0,1,6,5,1052.55
014584,0,0,169,4,1042.26
014585,0,1,50,1,157.05
014586,0,0,277,1,237.35999999999999
014587,0,1,19,9,1601.14
014589,0,0,372,1,39.75
014591,0,1,15,4,1447.14
014592,0,1,35,3,570.46
014593,1,1,22,3,617.99
014594,0,1,7,2,379.83
014595,0,1,20,6,1740.6000000000001
014597,0,1,11,2,883.15
014598,0,1,44,1,221.97
014600,0,0,306,1,393.33000000000004
014601,0,1,11,1,213.96
014603,0,0,275,1,660.0
014606,0,1,1,93,12156.65
014607,0,1,16,14,16569.5
014608,0,1,4,4,1785.15
014609,0,1,72,4,601.56
014616,0,0,243,3,406.08000000000004
014618,0,1,9,3,553.44
014619,0,0,246,1,394.44
014620,0,0,206,2,412.78000000000003
014621,0,1,1,5,1788.3600000000001
014622,0,0,185,1,320.58000000000004
014623,0,1,32,5,889.25
014624,0,1,57,2,225.85
014625,0,0,196,2,899.63
014626,0,1,24,4,2791.27
014628,0,1,91,2,671.96
014629,0,1,4,2,959.01
014631,0,1,51,3,1006.98
014632,0,0,263,1,114.56
014633,0,0,266,1,344.90000000000003
014636,0,1,36,2,609.85
014638,0,1,51,1,443.6
014639,0,1,52,6,2984.4900000000002
014640,0,1,24,6,2125.08
014641,0,1,22,1,110.46000000000001
014642,0,1,59,1,96.12
014643,0,0,170,2,693.8100000000001
014644,0,1,68,2,830.76
014645,0,0,157,2,597.09
014647,0,0,201,1,243.22
014649,0,1,5,4,1417.29
014651,1,1,67,2,654.6
014652,0,1,77,1,114.18
014653,0,1,1,7,1947.55
014655,0,1,8,4,1932.23
014656,0,0,169,2,291.05
014657,0,1,18,4,848.22
014658,0,1,5,2,247.15
014659,0,1,9,9,2529.93
014660,0,1,87,2,285.74
014661,0,1,27,1,107.95
014662,0,1,29,4,771.17
014664,0,1,20,2,637.89
014665,0,1,61,5,1835.7
014666,0,1,24,1,195.25
014667,0,1,11,25,9241.2
014669,0,0,242,3,1269.99
014670,0,0,280,2,411.53
014672,0,0,235,2,765.5500000000001
014673,0,1,3,5,1736.4
014675,0,1,16,1,604.75
014676,0,1,31,6,2548.2400000000002
014680,0,1,25,16,28754.11
014681,0,1,71,3,498.95
014682,0,0,188,2,52.0
014684,0,1,26,5,1236.28
014687,0,1,107,1,628.38
014688,0,1,8,21,5630.87
014689,0,0,209,1,112.80000000000001
014690,0,1,44,2,371.7
014691,1,1,31,5,2114.33
014692,0,1,137,4,591.55
014693,0,0,264,1,172.9
014696,0,1,4,7,2078.95
014697,0,0,218,2,188.61
014698,0,1,2,5,1250.76
014699,0,0,214,1,109.13000000000001
014700,0,1,32,3,2235.3
014701,0,1,11,9,2549.37
014702,0,1,1,17,3292.14
014703,0,1,15,1,318.17
014704,1,1,11,9,1546.91
014705,0,0,199,1,179.0
014708,0,1,3,3,1126.3700000000001
014709,0,1,15,13,4921.04
014710,0,1,14,4,606.13
014711,0,1,10,11,2868.8
014712,0,1,29,3,917.07
014713,0,1,9,11,2666.36
014714,0,1,24,1,160.19
014715,0,1,25,4,867.38
014716,0,1,43,2,329.68
014719,0,1,2,5,1602.13
014720,0,1,6,3,663.81
014722,0,0,147,1,187.92
014723,0,1,10,6,1158.3
014725,0,1,25,1,718.08
014727,0,0,274,1,268.58
014729,1,0,374,1,313.49
014730,0,1,1,8,2005.06
014731,0,1,47,3,380.02
014732,0,1,8,8,2702.4900000000002
014733,0,1,16,12,9585.91
014735,0,1,4,32,6065.6900000000005
014737,0,1,4,3,1164.55
014738,0,1,43,7,1314.45
014739,0,1,4,7,3902.28
014740,0,0,197,3,1448.21
014741,0,1,12,6,1400.3400000000001
014744,0,1,16,7,1099.98
014745,0,1,113,5,1220.26
014747,0,0,249,1,328.2
014748,0,1,29,5,1415.75
014752,0,1,44,1,389.64000000000004
014753,0,1,87,1,563.15
014754,0,1,45,2,638.05
014755,0,1,10,11,5010.28
014756,0,1,15,1,738.96
014757,0,1,75,1,420.5
014758,0,0,145,4,1484.06
014759,0,1,5,3,1625.97
014760,0,0,297,1,89.2
014761,0,1,59,2,255.9
014762,0,0,264,1,300.52
014764,0,1,47,1,278.3
014765,0,1,29,3,254.11
014766,1,1,8,6,2473.37
014768,0,1,17,2,192.60000000000002
014769,0,1,3,8,10674.75
014770,0,0,232,2,876.4200000000001
014772,0,1,112,1,139.26
014775,0,1,58,3,1011.9
014776,0,1,51,11,2538.2999999999997
014778,0,1,127,2,730.86
014779,0,0,281,3,386.15
014780,0,1,55,2,447.68
014782,0,0,320,1,200.10000000000002
014784,0,1,26,2,289.99
014785,0,1,10,2,77.4
014788,0,1,7,2,679.44
014789,0,1,29,1,197.64
014790,0,1,17,4,745.06
014792,0,1,64,1,6.2
014793,0,1,21,1,228.99
014794,0,1,3,7,1319.91
014795,0,0,166,1,131.45000000000002
014796,0,1,1,17,8022.49
014798,0,1,53,3,173.74
014799,0,1,51,1,157.7
014800,0,1,48,12,4339.74
014801,0,1,61,1,193.14
014803,0,0,162,3,845.5500000000001
014804,0,1,9,1,353.27
014805,0,1,15,4,554.65
014806,0,1,75,1,193.39000000000001
014808,0,1,40,8,2741.17
014810,0,1,41,11,2087.88
014813,0,0,370,2,155.43
014815,0,1,37,2,778.5
014816,0,0,197,1,271.85
014817,0,0,200,2,1110.34
014818,0,1,74,3,657.8
014819,0,1,64,2,272.07
014820,0,1,21,4,507.29
014821,0,0,367,1,48.800000000000004
014823,0,0,180,3,321.43
014824,0,1,10,4,1127.71
014825,0,1,4,12,2226.9100000000003
014828,0,0,197,3,2139.76
014829,0,1,29,4,697.55
014830,0,1,53,1,197.13
014834,0,1,18,6,1720.3
014836,0,1,10,3,102.45
014837,0,1,90,4,1649.5
014840,0,0,268,1,62.85
014841,0,1,53,6,3295.76
014842,0,1,44,4,2824.69
014844,0,1,64,4,3189.81
014847,0,0,149,1,309.40000000000003
014849,1,1,22,25,7930.54
014850,0,0,312,1,325.75
014851,0,1,23,2,511.35
014852,0,1,58,6,2836.69
014853,0,1,24,2,475.8
014854,0,1,78,7,2759.83
014855,0,1,119,2,645.65
014856,0,1,36,3,1311.38
014857,0,1,60,2,1173.1200000000001
014859,0,1,13,4,1353.74
014860,0,1,19,1,170.32
014861,0,1,52,1,125.79
014862,0,1,26,2,841.2
014863,0,1,29,1,266.76
014865,0,1,7,2,52.2
014866,0,1,11,12,14389.9
014867,0,0,186,3,710.28
014868,0,1,3,8,2953.59
014869,0,1,9,2,725.7
014870,0,0,262,1,327.25
014871,0,1,3,4,522.38
014873,0,0,210,1,519.68
014875,0,1,108,2,1465.32
014878,0,1,13,9,1485.54
014880,0,1,77,3,706.19
014881,0,1,20,1,255.4
014882,0,1,27,2,589.7
014883,0,1,19,6,761.59
014885,0,1,132,1,765.3199999999999
014886,0,0,253,1,364.8
014887,0,1,79,1,1862.0
014888,0,0,207,1,369.2
014889,0,0,336,1,135.9
014890,0,0,254,1,125.65
014891,0,0,148,2,554.38
014893,0,1,10,2,1237.8500000000001
014894,0,1,85,1,655.75
014895,0,1,8,20,11138.710000000001
014896,0,0,205,2,468.77000000000004
014897,0,1,8,4,1366.38
014898,0,1,23,6,1303.52
014901,1,1,11,9,1421.29
014902,0,1,26,1,332.66
014903,0,1,21,5,2810.63
014904,0,1,2,2,1025.44
014905,0,0,158,2,616.15
014907,0,1,3,7,3501.1
014908,0,1,74,1,277.8
014910,0,1,3,4,434.35
014913,0,1,36,4,1227.43
014915,0,1,91,2,307.48
014916,0,1,71,4,1268.98
014918,0,1,116,2,1610.15
014920,0,0,213,2,977.77
014921,0,1,30,2,1316.07
014923,0,1,51,1,749.1
014924,0,0,246,1,310.05
014929,0,1,32,1,223.88
014944,0,1,30,12,5900.25
014946,0,1,14,1,100.9
014947,0,1,72,2,290.82
014948,0,1,23,6,1101.97
014950,0,1,19,1,371.2
014951,0,1,79,1,311.69
014952,0,1,60,11,8099.49
014953,0,1,25,1,289.82
014954,0,1,12,1,336.17
014957,0,0,253,1,58.49
014958,0,0,147,3,499.68
014959,1,1,64,4,695.42
014960,0,1,8,2,221.27
014961,0,1,11,9,7044.68
014962,0,0,271,1,126.7
014963,0,1,10,5,1487.8
014964,0,0,247,1,206.21
014965,0,1,96,2,599.0
014966,0,1,15,1,191.32
014967,0,1,50,1,463.8
014968,0,1,30,1,147.59
014970,0,1,68,4,1592.06
014971,0,1,35,3,1116.57
014972,0,1,128,1,114.77
014973,0,1,107,3,1314.45
014974,0,1,37,1,114.39
014975,0,1,57,1,279.94
014976,0,1,57,7,790.86
014978,0,1,72,5,1931.42
014981,0,0,246,1,102.12
014984,0,1,19,2,213.27
014985,0,0,198,2,296.75
014987,0,1,16,2,326.4
014988,0,0,212,1,334.54
014995,0,1,39,2,233.23000000000002
014997,0,1,46,3,546.1999999999999
014998,0,0,170,2,429.87
015000,0,1,48,1,490.52
015002,0,1,116,4,1641.76
015004,0,0,147,1,1246.32
015005,0,1,16,28,6316.57
015006,0,1,51,1,502.09
015007,0,0,159,1,156.91
015009,0,1,12,3,1261.78
015010,0,1,36,1,308.94
015012,0,1,54,2,423.04
015014,0,1,43,2,260.17
015016,0,0,173,1,170.04
015017,0,1,34,1,125.58
015018,0,1,39,3,496.21
015019,0,0,267,1,266.0
015021,0,1,9,9,1914.82
015022,0,1,12,4,905.04
015023,0,1,3,11,6802.76
015024,0,1,10,10,1661.33
015025,0,1,33,1,377.01
015026,0,1,80,3,469.0
015027,0,1,31,4,1066.15
015028,0,1,8,4,627.13
015030,0,1,72,2,518.28
015031,0,1,4,4,668.14
015032,0,0,256,3,4959.1
015033,0,1,5,10,2586.67
015034,1,1,16,8,4308.61
015035,0,1,90,1,252.73000000000002
015036,0,1,72,3,465.55
015038,0,1,59,6,705.49
015039,1,1,10,47,19914.44
015041,0,0,170,1,180.35
015042,0,0,199,1,135.93
015043,0,1,31,1,537.0
015044,0,1,19,17,7700.2300000000005
015045,0,0,152,2,735.66
015046,1,1,9,15,5213.7699999999995
015047,0,0,270,1,343.62
015048,0,1,65,4,384.05
015049,0,0,274,1,121.17000000000002
015050,0,1,25,3,1782.09
015051,0,1,23,3,1391.61
015052,0,0,319,1,215.78
015053,0,1,5,3,697.79
015054,0,1,12,2,302.1
015057,0,0,275,2,1489.5
015058,1,1,25,11,2124.99
015059,0,1,41,9,1337.72
015060,0,1,8,4,303.09000000000003
015061,0,1,4,48,54534.14
015062,0,1,71,4,987.86
015063,0,0,213,1,370.79999999999995
015065,0,1,38,4,3158.13
015066,0,1,53,1,893.59
015067,0,1,78,3,1744.76
015068,0,1,46,2,553.36
015069,0,0,179,1,1109.53
015070,0,0,373,1,106.2
015071,0,1,94,2,982.07
015073,0,1,10,3,1043.41
015074,0,1,105,1,748.87
015075,0,1,78,1,773.03
015076,1,1,173,1,880.85
015078,0,1,7,32,9743.11
015079,1,0,213,4,895.61
015081,0,1,22,5,504.8
015083,0,0,257,1,88.2
015087,0,0,282,1,306.94
015088,0,1,21,2,1160.07
015089,1,1,10,6,2420.84
015090,0,0,308,1,381.32
015091,0,1,68,1,480.71
015092,0,0,215,2,457.81
015093,0,1,18,6,4597.02
015095,0,1,104,4,1370.6000000000001
015096,0,1,43,1,219.39000000000001
015097,0,1,4,1,248.08
015098,0,0,182,3,39916.5
015099,0,1,84,1,410.48
015100,0,0,334,3,876.0
015101,0,1,9,2,317.53000000000003
015103,0,1,31,2,703.36
015104,0,0,197,2,1027.44
015105,0,1,18,7,2298.93
015106,0,1,18,5,1422.52
015107,0,0,311,6,319.5
015109,0,0,246,1,484.95
015110,0,1,24,4,996.1
015111,0,1,29,3,1567.48
015113,0,1,10,3,3609.33
015114,0,1,30,10,2760.56
015115,0,1,18,1,340.11
015116,0,1,18,4,1352.75
015117,0,1,15,5,1551.78
015118,0,1,134,1,244.8
015119,0,0,246,1,266.4
015120,0,1,134,1,358.82
015121,0,1,50,2,457.72
015122,0,1,114,3,1633.78
015123,1,1,7,2,2199.31
015124,1,1,23,2,184.19
015125,0,1,25,15,11528.48
015127,0,1,66,1,406.53000000000003
015128,0,1,60,4,1471.0
015129,0,1,50,11,3447.4
015130,0,0,170,1,330.11
015132,0,1,18,5,977.9300000000001
015133,0,1,128,3,982.42
015134,0,1,15,8,1387.99
015135,0,0,239,1,139.05
015136,0,1,3,4,1286.7
015139,0,0,240,2,178.96
015140,0,1,52,7,2354.25
015142,0,1,46,1,498.74
015143,0,0,226,1,259.45
015144,0,1,8,17,6580.4400000000005
015145,0,1,4,4,1194.73
015146,0,0,165,2,1327.16
015147,0,0,240,1,623.5
015148,0,1,11,1,301.29
015149,0,1,134,1,520.8000000000001
015150,1,1,17,10,5314.47
015152,0,1,10,13,4745.69
015153,0,1,31,1,329.25
015154,0,1,75,1,296.42
015156,1,1,1,3,961.49
015157,0,1,4,3,1936.07
015158,0,1,45,1,401.40000000000003
015159,0,1,2,30,18641.010000000002
015160,0,0,357,1,158.16
015163,0,1,18,2,304.47
015164,0,1,69,3,843.05
015165,0,0,373,1,487.75
015167,0,0,321,1,163.0
015168,0,1,26,1,106.56
015171,0,0,331,1,1289.5
015172,1,1,9,5,1624.05
015174,0,0,323,1,135.75
015175,0,1,72,1,224.14
015178,0,0,260,1,40.5
015179,0,1,18,5,2206.9500000000003
015180,0,0,367,1,87.5
015181,0,1,66,3,689.48
015182,0,0,154,2,622.85
015184,0,1,29,2,406.76
015185,0,1,70,1,310.62
015186,0,1,14,2,411.41
015187,0,1,2,16,4777.18
015189,0,1,1,41,16225.39
015192,0,1,120,3,1044.32
015193,0,1,61,1,499.32
015194,0,1,3,15,7616.53
015195,0,1,3,1,3861.0
015197,0,1,11,3,1079.61
015198,0,1,92,2,193.64
015199,0,1,59,4,1268.7
015201,0,1,87,5,1236.54
015203,0,1,26,6,1827.8
015204,0,0,357,1,316.58
015205,0,1,85,2,653.24
015206,0,1,10,4,420.3
015208,0,1,1,5,870.12
015210,0,0,225,1,331.18
015211,0,1,60,2,894.4100000000001
015212,0,0,241,1,101.8
015213,0,0,319,2,328.35
015214,0,1,2,8,1661.44
015215,0,1,47,3,734.94
015216,0,1,88,1,96.6
015218,1,1,11,11,5756.89
015219,0,0,176,1,305.75
015220,0,1,52,6,1778.96
015221,0,0,366,1,403.25
015222,0,0,319,1,585.0
015223,0,0,226,2,755.75
015224,0,0,358,2,322.08
015225,0,0,234,1,409.40000000000003
015226,0,0,311,1,154.41
015227,0,1,37,5,1219.4
015228,0,1,66,4,3386.71
015230,0,0,239,2,429.6
015232,0,1,113,2,612.06
015234,0,0,277,1,197.0
015235,0,0,218,12,2247.51
015236,0,0,299,1,321.05
015237,0,1,2,4,1412.32
015238,0,1,29,3,1071.99
015239,0,1,10,2,780.59
015240,0,1,45,5,1706.57
015241,0,1,67,8,1756.44
015243,0,1,74,1,316.68
015244,0,1,65,2,631.57
015245,0,1,134,3,2515.84
015246,0,0,238,2,514.15
015247,0,1,122,1,356.0
015249,0,1,32,13,6688.46
015251,0,1,9,11,10484.99
015252,0,1,36,2,740.78
015253,0,1,16,5,918.2
015254,0,1,127,1,300.36
015255,0,1,67,1,890.85
015256,0,0,149,1,98.45
015257,0,0,283,1,317.15
015258,0,0,169,2,623.16
015260,0,1,100,7,1810.77
015261,0,1,135,1,254.82
015262,0,0,324,1,178.95000000000002
015263,0,1,107,1,156.51
015264,0,1,64,1,393.74
015265,0,0,151,2,1506.1200000000001
015266,0,0,338,1,119.3
015267,0,1,22,5,1717.36
015269,0,1,24,1,408.8
015270,0,1,16,7,2379.49
015271,0,1,7,15,2507.07
015272,0,1,57,2,721.94
015274,0,1,4,2,716.57
015275,0,1,38,1,615.14
015276,0,1,66,1,135.31
015277,0,1,47,1,255.89999999999998
015279,0,0,355,1,290.51
015280,0,0,172,1,113.12
015281,0,1,59,9,2332.15
015286,0,1,50,1,240.55
015287,0,1,22,2,486.69
015288,1,1,43,5,2306.52
015289,0,1,29,3,939.78
015290,0,1,5,18,7943.22
015291,0,1,26,15,4668.3
015292,0,0,201,1,180.94
015296,0,1,51,6,3672.86
015297,0,1,10,3,641.94
015298,0,1,2,12,4799.9
015299,0,1,67,7,4507.01
015300,0,1,64,1,496.44
015301,0,1,51,12,5070.35
015303,0,0,290,1,574.02
015304,0,1,61,8,694.4
015306,0,1,64,3,1174.3500000000001
015307,0,1,96,1,205.3
015308,0,0,274,1,310.47
015311,0,1,1,91,60767.9
015312,0,1,75,4,924.85
015313,0,1,110,1,52.0
015314,0,0,199,1,327.97
015315,0,1,64,2,570.5
015316,0,0,327,1,165.0
015318,0,1,4,1,312.62
015319,1,0,284,1,204.5
015320,0,1,44,1,267.13
015321,0,1,71,3,2748.31
015322,0,1,86,1,679.68
015325,0,1,104,1,162.29
015326,0,0,334,1,311.71
015327,0,1,53,1,208.75
015329,0,1,39,3,1049.7
015330,0,1,32,2,714.9599999999999
015333,0,0,208,1,1028.56
015334,0,0,157,3,351.67
015335,0,1,53,1,173.97
015339,0,1,66,2,574.07
015341,0,1,81,1,2020.52
015342,0,1,130,1,406.09000000000003
015343,0,1,87,1,364.5
015344,0,1,1,3,563.94
015345,0,1,46,1,393.54
015346,0,0,333,1,252.42000000000002
015347,0,0,366,1,201.60000000000002
015348,0,1,72,1,158.04
015349,0,0,158,2,473.81
015350,0,0,373,1,115.65
015351,0,1,12,7,1960.11
015353,0,0,255,2,777.02
015355,0,1,29,2,277.05
015356,0,1,31,10,2766.5
015358,0,1,5,22,8347.2
015360,0,1,40,1,427.93
015361,0,0,362,1,418.92
015363,0,0,373,1,326.0
015364,0,1,96,2,913.19
015365,0,1,26,7,2314.32
015366,0,1,75,2,602.51
015367,0,1,57,4,1877.5900000000001
015368,0,1,21,1,446.94000000000005
015370,0,1,41,7,2386.05
015372,0,1,137,1,2007.4
015373,0,1,8,12,2415.91
015374,0,1,129,1,168.0
015376,0,1,40,3,1233.3600000000001
015379,0,0,169,7,3703.29
015380,0,1,9,5,1690.26
015381,0,0,214,2,596.85
015382,0,1,15,6,5955.71
015384,0,0,170,2,642.41
015385,0,1,40,1,316.88
015386,0,0,186,1,394.14
015389,0,0,172,1,500.0
015392,0,1,5,4,1535.53
015393,0,1,16,2,231.86
015394,0,1,10,4,2183.54
015395,0,0,326,1,107.45
015396,0,1,113,1,288.18
015397,0,0,290,1,94.0
015398,0,1,16,2,1345.53
015399,0,1,1,3,815.77
015400,0,1,92,5,716.2
015402,0,0,149,2,626.77
015405,0,0,189,1,349.1
015406,0,1,31,2,510.71000000000004
015407,0,1,34,4,1056.44
015408,1,0,264,1,267.18
015410,1,1,84,8,3450.84
015411,0,1,26,4,1358.88
015412,0,0,171,1,190.53
015414,0,1,10,3,774.9000000000001
015415,0,0,313,1,572.8100000000001
015416,0,1,65,4,3984.32
015417,0,1,85,1,508.8
015419,0,1,25,1,135.86
015421,0,1,59,4,950.36
015422,0,0,323,2,97.7
015423,0,1,38,1,43.5
015424,0,0,254,2,383.34
015426,0,1,19,5,1447.39
015427,0,1,33,3,1483.14
015428,0,1,15,1,93.78
015429,0,1,27,2,397.35
015432,0,1,23,1,171.19000000000003
015433,0,0,214,2,533.3
015434,0,1,8,5,1041.48
015435,0,1,22,1,149.29
015436,1,1,12,3,1122.53
015437,0,0,262,1,200.16
015438,0,1,131,1,156.57999999999998
015440,0,1,55,3,383.68
015442,0,0,249,1,594.0
015443,0,1,2,7,3236.91
015444,0,1,9,2,1418.26
015445,0,0,264,1,113.5
015447,0,0,331,1,155.17000000000002
015448,0,0,313,1,494.64
015449,0,1,26,3,974.52
015450,0,1,30,1,429.84
015452,0,1,30,3,538.73
015453,1,1,2,7,1388.37
015454,0,0,362,1,179.1
015456,0,0,283,3,447.22
015457,0,0,262,1,237.07
015458,0,1,25,1,161.64
015460,0,0,354,1,216.76
015462,0,1,94,3,234.6
015463,0,1,29,1,126.14
015464,0,0,338,1,1048.85
015465,0,1,20,18,7354.62
015466,1,1,85,1,334.53
015467,0,1,9,3,524.88
015468,0,1,51,2,467.51
015469,0,1,50,2,538.55
015471,0,1,2,1,469.48
015472,0,1,113,1,371.56
015473,0,1,14,7,1771.2
015475,0,1,77,1,454.11
015478,0,1,40,2,1441.42
015482,0,1,16,12,11054.96
015483,0,0,161,4,233.81
015484,0,1,1,4,3594.31
015485,0,1,30,3,2575.0
015488,0,1,93,1,91.32000000000001
015489,0,1,23,3,1134.28
015491,0,1,95,6,3100.09
015492,0,1,28,2,659.46
015493,0,1,33,5,2001.8
015494,0,1,21,2,1299.23
015497,0,1,18,2,1262.2
015498,0,1,3,27,13316.4
015500,0,1,8,4,1131.56
015502,0,1,16,12,10384.93
015503,0,0,363,1,147.09
015504,0,1,81,1,52.83
015505,0,1,53,5,3610.96
015506,0,1,23,3,979.26
015507,1,1,172,1,492.36
015508,0,0,189,6,1000.27
015510,0,0,331,1,250.0
015511,0,1,12,5,909.23
015512,0,0,156,2,121.0
015513,0,1,33,19,14758.22
015514,0,1,12,11,4139.46
015516,0,1,45,3,62.43
015517,0,0,233,1,267.03
015518,0,1,64,8,1942.45
015520,0,1,2,1,343.5
015521,0,1,40,8,3000.2
015522,0,1,33,2,398.84
015523,0,1,84,1,412.01000000000005
015524,0,1,25,1,440.0
015525,0,1,2,3,825.92
015526,0,1,33,2,148.44
015527,0,1,19,8,2429.78
015528,0,0,254,1,229.33
015529,0,1,23,11,3995.23
015530,0,1,22,4,1502.3500000000001
015531,0,1,8,2,2007.44
015532,0,1,25,4,1580.93
015533,0,1,19,3,807.57
015535,0,0,173,4,536.4
015537,0,0,163,1,110.92
015539,0,1,7,1,538.46
015540,0,1,11,1,213.3
015541,0,1,114,1,85.13000000000001
015543,0,0,288,1,127.86
015544,0,1,9,9,3546.71
015545,1,1,54,2,292.71999999999997
015547,0,1,7,14,4954.84
015549,0,1,77,3,1693.26
015550,0,1,4,4,575.63
015551,0,1,37,1,436.06
015552,0,0,217,1,90.12
015553,0,1,60,1,437.23
015554,0,0,278,1,217.2
015555,0,1,12,16,4805.17
015556,0,1,24,1,279.77
015557,0,1,29,1,473.65000000000003
015561,0,1,12,4,800.5899999999999
015562,0,0,352,1,134.55
015563,0,1,22,4,1400.44
015565,0,1,50,2,173.16000000000003
015567,0,1,19,1,186.01
015568,0,1,3,3,758.29
015569,0,1,104,5,1375.71
015570,0,1,7,12,4165.52
015571,0,1,12,4,650.4300000000001
015572,1,1,5,7,2552.86
015573,0,1,32,2,607.45
015574,0,0,178,4,702.25
015576,0,1,38,1,940.67
015577,0,0,151,3,258.88
015578,0,0,162,1,127.1
015579,0,1,69,2,348.6
015581,0,1,121,13,3679.9700000000003
015582,0,1,25,3,682.9100000000001
015584,0,1,24,4,725.11
015585,0,0,177,1,455.3
015587,0,1,50,4,913.68
015589,0,0,256,3,478.53
015592,0,1,47,1,388.58
015593,0,1,71,1,199.8
015594,0,1,16,5,1771.78
015596,0,1,101,5,1406.59
015597,0,1,35,1,324.57
015598,0,1,53,1,240.68
015599,0,1,27,2,761.74
015601,0,1,11,14,6776.56
015602,0,1,8,9,1297.8700000000001
015603,0,1,79,1,48.480000000000004
015604,0,1,52,1,216.39000000000001
015605,0,1,36,5,1198.23
015606,0,1,61,9,2920.16
015607,0,0,337,1,104.76
015608,0,1,28,4,1093.68
015609,0,0,184,1,298.48
015610,0,1,52,1,112.46000000000001
015611,0,1,10,13,1591.45
015612,0,1,36,2,195.15
015615,0,1,10,23,10399.74
015618,0,1,33,4,776.851
015619,0,1,11,1,336.4
015620,0,1,57,3,1553.18
015621,0,1,4,4,1293.03
015622,0,1,43,9,3709.56
015623,0,0,141,1,301.03000000000003
015624,0,1,117,4,588.13
015625,0,1,104,4,1534.26
015626,0,1,75,2,675.8
015628,0,1,5,9,2870.2400000000002
015630,0,1,45,2,1186.35
015632,0,1,16,8,3285.31
015634,0,1,17,1,243.55
015636,0,1,90,2,724.76
015637,0,1,53,1,223.36
015639,0,1,134,1,425.32
015640,0,1,4,15,12515.66
015641,0,1,105,4,1887.2
015643,0,0,192,3,664.0
015644,0,0,166,4,813.0
015645,0,1,19,1,612.01
015646,0,0,158,3,447.64000000000004
015648,0,0,204,2,657.35
015649,0,0,336,2,816.0
015651,0,1,37,3,646.3
015652,0,1,91,1,337.74
015653,0,1,93,2,877.44
015654,0,1,9,2,922.53
015655,0,0,243,1,560.6700000000001
015656,0,1,45,4,748.5
015657,0,1,23,1,30.0
015658,0,0,190,5,1024.1000000000001
015659,0,1,44,1,306.45
015660,0,1,25,9,1600.86
015661,0,0,317,2,309.8
015663,0,1,106,1,138.14
015664,0,1,51,1,386.43
015665,0,0,168,2,2242.01
015667,0,1,40,1,301.32000000000005
015668,0,0,218,1,76.32000000000001
015669,0,1,40,4,684.34
015670,0,0,297,1,173.05
015671,0,1,19,7,2657.13
015673,1,1,88,4,2881.02
015674,0,1,73,5,2446.6
015675,0,1,81,3,323.69
015676,0,1,19,3,3435.76
015677,0,1,49,1,657.23
015678,0,1,53,1,352.7
015679,0,1,24,4,781.28
015680,0,1,9,3,1333.68
015681,1,1,25,5,1426.16
015683,0,1,117,1,193.75
015687,0,1,9,9,2993.1
015689,0,1,120,2,254.1
015690,0,1,4,2,239.76
015691,0,0,252,1,136.8
015692,0,1,28,1,191.04
015694,0,1,1,14,6479.4
015695,0,0,267,2,409.98
015696,0,1,33,8,2736.46
015699,0,1,18,1,309.65
015700,0,0,172,2,696.68
015701,0,1,2,4,1542.14
015703,0,0,265,1,211.5
015704,0,1,140,4,2293.62
015705,0,0,201,1,143.1
015706,0,1,64,4,1060.56
015707,0,1,35,4,945.58
015708,0,1,41,7,3364.2400000000002
015709,0,0,284,1,133.25
015712,0,1,9,5,1072.3600000000001
015713,0,0,143,2,356.7
015714,0,1,12,2,330.88
015716,0,0,146,4,1118.81
015717,0,0,234,1,150.3
015719,1,1,33,13,5045.61
015720,0,1,24,1,598.73
015721,0,1,12,1,507.08000000000004
015722,0,1,36,5,2222.56
015723,0,0,365,1,203.10000000000002
015724,0,0,201,2,218.25
015725,0,1,15,1,415.25
015727,0,1,17,7,5178.96
015729,0,0,213,1,85.0
015730,0,1,66,3,1120.88
015732,0,0,212,2,294.12
015733,0,0,283,1,162.3
015734,0,1,115,2,1339.45
015737,0,1,15,8,1205.1200000000001
015738,0,1,19,16,4812.42
015739,0,1,66,1,449.12
015740,0,1,49,1,154.88
015743,0,1,16,4,784.46
015744,0,1,78,1,34.8
015745,0,1,19,4,1094.5900000000001
015746,0,1,134,1,196.88
015747,0,1,13,3,974.04
015748,0,1,40,1,149.31
015749,0,0,235,3,44534.3
015750,0,1,3,8,2465.48
015752,0,1,40,7,2637.38
015753,0,0,305,1,79.2
015754,0,1,51,3,458.57
015755,0,1,10,6,2364.25
015756,0,1,61,4,532.96
015757,0,1,66,2,714.42
015758,0,1,25,1,205.25
015759,0,0,218,3,253.04000000000002
015762,0,1,65,2,583.75
015763,0,1,32,2,1086.92
015764,0,1,88,6,3279.9700000000003
015766,0,1,64,1,315.06
015768,0,1,116,3,621.83
015769,0,1,7,26,56252.72
015773,0,1,6,1,635.6800000000001
015774,0,1,69,1,270.8
015775,0,0,245,1,104.9
015776,0,1,133,1,241.62
015777,0,0,241,4,1047.1100000000001
015780,0,0,184,3,475.28000000000003
015781,0,1,25,3,345.46000000000004
015782,0,1,10,3,2614.74
015783,0,1,11,1,246.3
015785,0,1,33,5,2328.9700000000003
015786,1,1,46,3,4932.2
015787,0,1,26,3,948.05
015789,0,0,358,1,351.3
015790,0,1,10,1,220.85
015791,0,1,44,2,1612.69
015793,0,1,15,3,965.61
015795,0,0,150,1,610.01
015796,0,1,1,8,2711.56
015797,0,1,113,4,2207.4
015799,0,1,76,3,884.14
015800,1,1,107,2,699.08
015801,0,1,46,3,1063.95
015802,0,0,143,1,451.42
015803,0,1,51,1,415.82000000000005
015804,0,1,1,13,4206.39
015805,0,1,23,17,5528.4800000000005
015806,0,1,46,3,784.58
015807,0,1,50,3,903.9
015808,0,0,306,4,3734.9700000000003
015809,0,1,36,5,515.77
015810,0,1,79,4,1391.98
015811,0,1,22,6,2218.62
015812,0,1,107,5,1801.14
015813,0,0,208,2,1303.9099999999999
015814,0,1,17,4,1945.3300000000002
015815,0,1,64,5,2100.6
015819,0,1,49,4,1905.45
015820,0,0,320,1,206.98
015821,0,1,44,2,570.96
015822,0,1,3,2,885.47
015823,0,0,372,1,15.0
015825,0,0,172,1,532.94
015826,0,1,56,3,1654.31
015827,0,1,73,14,1836.09
015829,0,1,99,2,636.14
015830,0,1,38,1,576.0
015831,0,1,58,3,801.76
015832,0,0,254,1,836.79
015834,0,1,70,4,2233.75
015835,0,1,44,4,954.09
015836,0,1,50,1,137.37
015837,0,1,65,1,391.98
015838,0,1,11,19,33643.08
015839,0,1,33,3,1048.49
015840,0,1,59,2,355.56
015841,0,1,73,4,1224.06
015843,0,0,304,1,118.95
015844,0,1,46,1,130.73999999999998
015845,0,1,18,8,3711.77
015847,0,1,38,2,389.27
015850,0,1,19,2,238.85
015852,0,0,187,2,160.71
015853,0,1,52,1,110.8
015854,0,1,4,12,2974.65
015855,0,1,137,5,712.24
015856,0,1,4,27,16387.57
015857,0,1,19,1,297.0
015858,0,1,16,5,1438.85
015860,0,1,41,8,977.21
015861,0,1,12,8,3165.36
015862,0,1,8,4,832.88
015863,0,1,26,2,68.84
015864,0,1,22,6,1936.32
015865,0,1,41,3,895.13
015866,0,1,101,1,230.53
015867,0,1,5,15,3812.64
015869,0,0,277,2,149.64
015870,0,1,33,1,354.09000000000003
015872,0,1,15,2,360.93
015874,0,1,64,7,4405.88
015877,0,1,2,2,493.28
015880,0,0,369,1,343.28
015881,0,0,312,5,501.39
015882,0,0,199,4,516.36
015883,0,1,2,2,396.48
015885,0,1,93,3,379.35
015886,0,1,60,1,181.09
015888,0,1,81,1,168.31
015889,0,0,157,2,446.87
015891,0,0,227,1,524.52
015894,0,0,253,2,263.55
015895,0,0,150,1,179.17
015897,0,0,194,2,222.05
015898,0,1,1,5,1388.88
015899,0,0,369,1,56.25
015900,0,1,24,1,351.11
015901,0,1,17,3,363.88
015903,0,1,10,7,5126.76
015904,0,1,8,1,164.68
015906,0,1,20,7,1567.69
015907,0,1,4,3,967.45
015909,0,0,174,1,191.94
015910,0,1,1,8,1232.18
015912,0,0,178,2,264.62
015916,0,1,16,8,1528.09
015917,0,0,248,1,123.1
015918,0,0,191,2,334.23
015919,0,1,20,2,639.89
015920,0,0,154,4,167.5
015921,0,0,173,1,336.03000000000003
015922,0,0,373,1,369.5
015923,0,0,373,1,127.08
015925,0,0,194,1,207.15
015930,0,1,67,1,426.63
015932,0,1,4,8,2495.87
015933,0,1,21,3,1107.46
015935,0,0,239,2,416.86
015937,0,1,64,1,145.35000000000002
015938,0,1,112,5,404.58000000000004
015939,0,1,90,15,6115.01
015940,0,0,311,1,35.8
015942,0,1,134,1,337.44
015944,0,0,277,1,325.1
015945,0,0,365,1,181.0
015947,0,1,83,1,1708.24
015948,0,1,8,2,955.24
015949,0,1,17,2,364.72
015950,0,1,32,4,1765.51
015951,0,1,9,2,708.22
015952,0,1,34,4,806.57
015953,0,1,15,8,1659.3799999999999
015955,0,1,24,14,4416.26
015957,0,1,32,1,428.89
015958,0,1,74,1,104.35
015963,0,1,20,2,470.76
015965,0,1,17,4,845.64
015967,0,1,23,2,418.83
015969,0,1,3,3,666.1
015970,0,0,304,1,314.09999999999997
015971,0,1,17,12,4199.85
015973,0,0,367,1,307.82000000000005
015974,0,1,39,7,3442.15
015975,0,1,84,1,371.01
015976,0,0,165,2,430.94
015977,0,1,17,2,1054.73
015978,0,1,77,1,1098.78
015980,0,1,89,3,2398.86
015981,0,1,25,8,3408.48
015983,0,1,22,4,1475.02
015984,0,1,3,10,2837.67
015985,1,1,123,2,1142.42
015986,0,1,30,1,168.12
015987,0,1,12,7,1451.28
015988,0,1,19,1,158.03
015990,0,1,44,2,792.11
015992,0,1,4,1,41.989999999999995
015993,0,1,9,7,2797.57
015994,0,1,55,1,427.07
015996,0,1,88,6,1060.68
015998,0,1,37,5,3089.97
016000,0,1,3,3,12393.7
016003,0,1,30,5,2735.37
016005,0,1,12,4,615.39
016006,0,0,211,1,101.4
016007,0,1,48,4,1701.94
016008,0,1,24,3,478.78
016009,0,1,22,4,992.71
016010,0,0,246,3,407.5
016011,0,1,8,16,3362.71
016012,0,1,35,3,1415.29
016013,0,1,4,47,37130.6
016014,0,1,38,3,662.38
016015,0,1,4,3,705.39
016016,0,1,3,8,1508.76
016017,0,1,47,1,211.88
016018,0,1,39,2,408.9
016019,0,1,47,9,3786.24
016020,0,1,17,3,851.01
016022,0,0,260,1,628.28
016023,0,1,46,3,719.81
016024,0,1,12,1,251.24
016025,0,1,30,1,439.65999999999997
016026,1,1,43,1,236.09
016027,0,1,92,6,934.62
016029,0,1,39,63,81024.84
016030,0,0,310,1,331.24
016031,0,1,92,2,548.94
016033,0,1,6,20,8816.4
016034,0,0,196,3,437.70000000000005
016036,0,1,87,2,758.9200000000001
016037,0,0,270,3,855.02
016038,0,1,8,3,471.78
016040,0,1,65,3,1313.55
016041,0,1,31,3,3166.4
016042,0,1,22,5,1197.27
016043,0,1,37,4,773.99
016045,0,1,120,4,1340.7
016048,0,0,373,2,256.44
016049,0,1,40,3,1111.79
016050,0,0,174,1,137.9
016052,0,1,54,1,362.06
016053,0,1,33,2,1511.95
016054,0,0,145,1,783.9
016055,0,0,221,1,134.8
016056,0,1,45,1,664.85
016057,0,1,16,7,2263.12
016059,1,1,66,6,1459.8600000000001
016062,0,1,10,4,1153.62
016063,0,0,260,1,335.32
016065,1,0,365,1,372.09
016066,0,1,17,5,1521.87
016070,0,1,22,2,852.15
016071,0,1,45,1,326.24
016072,0,0,288,1,584.3199999999999
016073,0,0,297,1,122.4
016076,0,1,3,10,2234.73
016078,0,0,284,1,79.2
016079,0,1,17,3,1352.0
016080,0,1,82,2,217.16
016081,0,1,56,5,2806.9
016083,0,1,101,2,1317.62
016084,0,0,299,1,436.18
016085,0,1,23,5,981.51
016086,0,1,59,5,1121.39
016091,0,0,155,2,315.06
016092,0,1,115,3,817.86
016093,0,1,107,1,17.0
016094,0,1,12,4,1078.23
016096,0,0,264,1,320.62
016097,0,0,240,1,185.04999999999998
016098,0,1,88,7,2005.63
016099,0,1,50,3,731.9
016101,0,1,71,1,1290.7
016102,0,1,42,3,1842.14
016103,0,1,7,6,1429.64
016104,0,1,62,1,302.36
016105,0,0,249,1,336.96
016106,0,1,66,1,108.38
016107,0,1,18,7,3204.1600000000003
016108,0,1,85,1,842.5
016109,0,0,219,2,611.88
016110,1,1,45,3,1337.48
016112,0,0,143,4,195.74
016113,0,0,183,1,161.38
016114,0,0,171,1,135.75000000000003
016115,0,1,10,8,1667.97
016116,0,0,212,1,612.78
016117,0,0,190,1,232.21
016119,0,1,8,2,423.36
016120,0,1,59,4,1309.14
016121,1,1,57,2,867.11
016122,0,1,73,4,684.42
016123,0,1,52,1,307.78000000000003
016124,0,0,317,1,249.0
016125,0,0,367,1,289.35
016126,0,1,29,4,6287.77
016127,0,1,39,1,656.25
016128,0,1,18,5,1880.22
016131,0,1,52,6,3506.54
016133,0,1,4,33,14589.04
016134,0,1,22,2,618.09
016135,0,0,263,1,517.55
016136,0,1,60,3,709.38
016139,0,1,19,3,635.4100000000001
016140,0,1,66,2,725.1800000000001
016141,0,1,88,1,620.4
016142,0,0,250,1,535.34
016143,0,1,3,6,2424.94
016144,0,0,247,1,175.2
016145,0,1,9,11,3799.4900000000002
016146,0,0,157,3,734.13
016147,0,1,134,1,375.0
016148,0,0,296,1,76.32000000000001
016149,0,1,5,2,280.52
016150,0,1,43,5,2053.02
016152,0,0,269,1,1829.04
016153,0,1,50,5,1824.23
016156,0,1,9,9,3122.04
016157,0,1,16,3,656.69
016159,0,0,282,1,348.2
016160,0,1,65,2,1025.44
016161,0,1,2,19,5575.56
016162,0,0,252,1,37.4
016163,0,0,232,2,856.6
016164,0,1,17,3,822.48
016168,0,1,11,27,3787.6
016169,0,1,8,4,1822.97
016170,0,1,51,6,1885.05
016171,0,1,59,1,73.19999999999999
016172,0,1,95,5,1140.21
016173,0,1,16,6,1418.32
016174,0,1,126,3,1009.55
016175,0,1,94,4,1037.5900000000001
016177,0,1,50,1,331.95
016178,0,1,138,1,197.9
016179,0,1,61,1,215.83
016180,1,1,100,8,10254.18
016181,0,1,73,1,305.54
016182,0,1,72,4,6617.65
016183,0,1,67,1,338.71000000000004
016184,0,1,64,6,1158.79
016185,0,1,17,2,529.41
016186,0,1,23,12,4006.94
016187,0,1,32,15,6911.4400000000005
016188,0,1,45,4,981.86
016189,0,1,16,2,215.48
016190,0,1,40,1,215.08
016191,0,1,3,13,5180.52
016193,0,0,237,1,314.45
016198,0,1,75,1,400.68100000000004
016200,0,1,4,2,1080.6200000000001
016201,0,1,3,4,1863.47
016202,0,0,361,1,365.27
016203,0,1,59,4,592.9
016204,0,1,23,1,405.71
016205,0,1,31,4,761.38
016206,0,1,55,4,537.0600000000001
016207,0,1,25,1,394.38
016208,0,1,45,2,664.26
016209,0,1,89,5,2262.62
016210,0,1,2,18,21086.3
016211,0,1,89,1,547.02
016212,0,1,19,2,690.34
016213,0,1,79,1,159.0
016214,0,0,171,3,1062.75
016215,0,1,81,1,242.35
016216,0,0,267,1,914.9300000000001
016217,0,0,235,2,304.25
016218,0,1,30,7,3084.68
016221,0,1,37,3,864.86
016222,0,0,318,1,846.72
016224,0,1,57,4,1295.3
016225,0,1,45,5,1096.32
016226,0,0,203,3,255.12
016227,0,0,225,1,314.22
016229,0,1,87,2,1010.6
016230,0,0,190,2,542.03
016232,0,1,44,4,990.88
016233,0,1,71,3,536.6800000000001
016235,0,1,41,5,867.3100000000001
016236,0,1,78,1,432.2
016239,0,1,57,2,414.2
016240,0,1,24,2,3718.8
016241,0,1,10,13,2607.87
016242,0,1,8,7,3603.21
016243,0,1,34,2,409.1
016244,0,0,212,2,1522.75
016245,0,1,24,3,1413.66
016247,0,0,170,1,114.56
016248,0,1,62,1,152.94
016249,0,1,53,5,1800.07
016250,0,0,261,2,389.44
016253,0,1,67,2,3683.86
016255,0,1,17,8,2619.91
016256,0,0,267,1,752.4300000000001
016257,0,0,177,1,46.95
016258,0,1,45,5,5203.51
016260,0,1,51,1,1035.45
016261,0,1,17,4,746.83
016265,0,1,9,9,5447.0
016266,0,1,74,7,861.89
016268,0,1,71,2,667.65
016270,0,0,353,1,1141.24
016271,0,1,3,5,1429.24
016272,0,1,117,1,411.7
016274,0,0,373,1,357.95
016275,0,0,197,1,559.87
016276,0,0,177,1,810.6
016278,0,1,100,1,566.38
016279,0,1,21,3,1509.58
016281,0,1,72,1,2062.06
016282,0,0,340,1,168.3
016283,0,1,6,5,1570.81
016284,0,1,31,2,823.97
016287,0,0,170,1,142.5
016292,0,1,122,1,302.25
016293,0,1,22,10,2248.9900000000002
016295,0,1,10,4,1328.55
016297,0,0,269,1,301.9
016298,0,1,23,3,598.2
016302,0,1,127,1,233.22
016303,0,1,26,3,5360.63
016305,0,1,139,1,361.22
016306,0,0,214,6,632.27
016308,0,1,38,4,2560.0
016309,0,1,106,2,706.57
016311,0,1,18,2,616.26
016313,0,1,3,2,274.15000000000003
016315,0,0,331,1,226.37
016316,0,1,64,8,2938.91
016317,0,1,120,3,1341.65
016318,0,1,35,1,328.15000000000003
016319,0,0,218,1,404.40000000000003
016322,0,1,1,2,326.75
016323,0,0,196,1,207.50000000000003
016324,0,1,128,3,428.68
016325,0,1,47,3,594.24
016326,0,1,6,14,3110.96
016327,0,1,14,6,3844.2200000000003
016330,0,1,18,3,251.91
016332,0,1,28,7,1593.2
016333,0,1,8,22,26626.8
016337,0,1,37,1,151.05
016338,0,0,157,1,214.8
016339,0,0,284,1,109.95
016340,1,1,107,1,549.07
016341,0,1,25,4,1971.8700000000001
016342,0,1,75,4,322.41
016343,0,1,16,2,370.48
016344,0,0,158,1,101.10000000000001
016345,0,1,44,1,575.41
016347,0,1,11,2,887.65
016348,0,1,32,7,1469.45
016349,0,0,291,1,53.5
016350,0,1,21,4,1116.47
016351,0,0,333,1,153.9
016352,1,1,18,2,494.44
016353,0,1,4,23,6675.71
016354,0,1,63,2,395.8
016356,0,0,198,3,211.77
016357,0,1,33,3,658.88
016358,0,1,1,4,2027.5
016359,1,1,7,9,1750.92
016360,0,1,5,6,3512.53
016361,0,1,10,4,896.66
016362,0,1,32,5,734.77
016363,0,1,53,1,109.36000000000001
016364,0,1,12,2,707.04
016365,0,1,18,9,1540.42
016366,0,1,19,1,327.3
016367,0,1,37,2,804.49
016368,0,1,2,2,497.43
016369,0,1,18,3,1553.66
016370,0,1,82,4,1320.56
016372,0,1,33,2,367.93
016374,0,1,66,2,473.03
016376,0,1,9,2,987.01
016377,0,0,267,1,676.2
016378,0,0,247,3,362.95
016379,1,1,4,4,2157.4
016380,0,1,61,1,1780.59
016383,0,1,75,2,668.36
016384,0,1,90,2,584.5
016385,1,1,60,3,555.89
016386,0,1,29,2,317.2
016387,0,0,323,1,94.36
016389,0,1,53,4,1382.0700000000002
016392,0,0,270,1,221.19
016393,0,1,2,13,3046.21
016394,0,1,57,5,1555.34
016395,0,1,60,5,1486.9
016398,0,0,154,2,1705.8
016399,0,1,19,2,408.57
016400,0,1,95,1,303.93
016401,0,1,1,12,4098.32
016402,0,0,265,2,299.6
016403,0,0,312,1,177.5
016404,0,1,70,1,443.05
016405,0,0,302,2,167.25
016406,0,1,19,1,163.07
016407,0,1,13,10,2126.93
016409,0,1,36,5,2028.88
016411,0,1,19,2,214.65
016412,0,1,54,1,151.83
016413,0,1,57,1,262.2
016414,0,1,22,2,126.25
016415,0,1,44,1,210.35
016416,0,1,26,3,1051.4
016418,0,1,45,3,675.27
016419,0,1,113,6,972.23
016422,0,1,17,51,34684.4
016423,0,1,25,1,346.12
016424,0,0,191,1,133.56
016425,0,0,302,1,302.7
016426,0,1,2,10,1908.25
016427,0,0,263,2,241.06
016429,0,1,106,1,284.55
016430,0,1,57,1,300.85
016431,0,0,213,3,642.81
016432,0,1,64,1,287.40000000000003
016433,0,1,28,1,184.26
016434,0,1,29,7,1522.25
016438,0,1,6,5,798.35
016440,0,1,8,5,3640.67
016441,0,1,67,2,381.2
016442,0,1,2,3,616.79
016444,0,1,46,4,654.67
016445,0,1,34,1,230.51
016446,0,1,1,2,168472.5
016447,0,1,136,1,259.01
016448,0,0,198,1,188.89000000000001
016449,0,0,198,2,707.69
016450,0,0,150,1,311.92
016451,0,1,88,1,266.97
016454,0,1,45,2,6.9
016455,0,1,64,7,1841.18
016456,0,1,99,5,2158.37
016457,0,0,218,1,208.36
016458,0,1,3,18,3482.7400000000002
016460,0,1,28,3,814.72
016461,0,0,178,1,151.42
016462,0,1,74,3,136.0
016463,0,1,21,4,1422.4
016464,0,1,20,3,1314.68
016466,0,1,34,7,1603.46
016468,0,1,74,1,74.9
016469,1,1,24,4,650.43
016470,0,1,52,4,762.39
016471,0,0,275,1,223.95000000000002
016473,0,0,165,3,316.11
016474,0,1,7,7,1871.5
016475,0,1,88,4,544.3
016477,0,1,64,7,2494.46
016478,0,1,25,3,331.0
016479,0,1,10,2,300.83
016480,0,1,76,1,769.29
016482,0,1,16,1,220.62
016483,0,0,192,1,139.35
016484,0,0,174,2,404.3
016485,0,1,77,1,363.65
016488,0,1,33,3,498.8
016491,0,1,47,1,731.5
016493,0,1,80,4,1351.63
016494,0,0,297,1,826.53
016495,0,1,3,3,684.41
016496,0,1,9,3,1599.52
016497,0,1,50,6,2965.69
016498,0,0,161,2,100.97
016499,0,0,360,2,365.45
016500,0,1,5,6,400.86
016503,0,1,107,4,1431.93
016504,0,1,25,1,484.38
016505,0,1,32,1,777.6
016506,0,1,20,2,90.30000000000001
016509,0,0,297,1,363.70000000000005
016510,0,0,372,1,248.1
016511,0,1,22,3,950.26
016513,0,1,5,4,874.59
016515,0,1,52,5,1627.13
016516,0,1,30,1,101.69999999999999
016517,0,0,277,1,162.70000000000002
016518,0,1,61,2,484.32
016519,0,1,25,2,215.07999999999998
016520,1,0,186,3,1046.57
016523,0,1,2,21,9418.470000000001
016525,0,1,2,26,13027.45
016526,0,0,172,1,290.36
016527,0,1,81,1,228.06
016528,0,1,4,1,244.41
016529,0,0,190,1,455.25
016531,0,1,22,7,1244.59
016532,0,1,18,3,6748.8
016533,0,1,19,3,1095.56
016535,0,1,5,1,593.75
016536,0,1,110,1,548.97
016539,0,1,3,4,1388.81
016542,0,1,54,1,119.62
016545,0,0,165,1,339.3
016546,0,0,291,2,787.15
016549,0,1,10,10,4154.64
016550,0,1,109,5,2298.97
016551,0,1,96,3,922.12
016552,0,0,243,2,379.73
016553,0,0,163,12,5719.82
016554,0,1,42,3,837.1
016555,0,1,35,2,285.89
016556,0,1,67,7,3313.79
016557,0,1,24,2,281.85
016558,0,1,1,20,8338.49
016560,0,1,27,2,841.41
016561,0,1,6,2,511.12
016563,0,1,54,1,1077.74
016565,0,0,364,1,173.7
016566,0,1,15,5,614.66
016567,0,0,194,2,865.6
016569,0,1,3,1,124.2
016570,0,1,15,10,3738.4
016571,0,1,27,3,1421.69
016572,0,1,127,3,1009.6
016573,0,1,85,2,663.61
016574,0,1,71,1,451.44
016581,0,0,183,1,105.84
016582,0,1,113,1,313.62
016583,0,0,374,1,233.45
016584,0,1,80,2,936.08
016586,0,0,249,1,463.95
016587,0,0,232,1,225.15
016589,0,1,71,3,459.24
016591,0,1,69,1,213.5
016592,0,1,4,16,4113.68
016593,0,1,51,3,330.03
016594,0,1,75,1,181.09
016595,0,1,61,1,360.16
016596,0,1,16,2,250.15
016597,0,1,4,1,90.04
016598,0,0,286,1,145.05
016600,0,1,4,6,813.52
016601,0,1,41,1,244.8
016602,0,1,36,1,528.08
016603,0,1,75,2,482.47
016607,0,1,18,14,3347.71
016609,0,1,15,7,5493.46
016610,0,0,219,1,75.66
016611,0,0,186,1,129.49
016612,0,1,33,4,1187.66
016613,0,1,70,1,618.59
016614,0,0,183,1,506.19
016616,0,1,15,2,500.42
016617,0,0,236,1,151.85
016618,0,1,31,5,2647.59
016619,0,0,264,1,226.21
016620,0,1,4,2,178.96
016621,0,1,52,4,813.48
016623,0,0,246,1,129.45000000000002
016624,0,1,81,2,810.57
016625,0,0,274,1,333.08
016626,0,1,1,17,4413.1
016627,0,1,79,1,322.8
016628,0,1,30,5,2188.05
016629,0,1,74,2,417.73
016633,0,1,17,6,2883.1
016634,0,0,223,2,217.9
016637,0,1,32,4,1154.47
016638,0,1,23,10,1680.72
016639,0,1,31,3,1257.51
016641,0,1,106,1,231.1
016642,0,1,5,2,688.33
016643,0,0,246,1,487.51
016644,1,0,178,2,833.78
016647,0,0,170,2,214.06
016648,0,1,43,1,290.66
016650,0,1,72,1,518.42
016652,0,1,59,7,6773.97
016653,0,1,16,2,1212.66
016654,0,1,141,4,601.27
016655,0,1,18,6,3794.52
016656,0,1,22,15,8625.8
016657,0,1,10,4,933.62
016658,0,0,368,1,123.24
016659,0,0,189,1,39.12
016660,0,1,16,4,1267.65
016665,0,0,362,1,135.4
016666,0,1,19,1,118.98
016667,0,1,68,2,570.13
016668,0,1,15,6,306.72
016669,0,1,24,3,1374.87
016670,0,1,17,11,4095.9
016671,0,1,28,3,1692.27
016672,0,1,2,20,8134.9400000000005
016674,1,1,55,2,319.61
016676,0,1,34,4,1592.12
016678,0,1,3,12,3109.99
016679,0,0,366,1,129.75
016680,0,1,43,1,183.7
016681,0,1,73,6,1770.3400000000001
016682,0,1,5,5,1028.0
016684,0,1,4,28,66653.56
016685,0,1,61,2,324.24
016686,0,1,47,7,3062.83
016688,0,1,1,4,1260.8600000000001
016689,0,1,76,2,422.6
016690,0,1,72,2,225.58
016692,0,0,256,2,1276.0
016693,0,1,69,2,482.01
016696,0,1,135,4,657.9
016697,0,0,241,1,112.75
016698,0,0,227,2,1998.0
016700,1,1,9,13,5076.55
016701,0,1,9,13,5398.3
016705,0,1,1,20,14034.99
016706,0,1,37,3,531.35
016708,0,1,46,1,656.63
016709,0,1,85,5,3029.87
016710,0,1,19,10,2483.04
016711,0,1,3,5,1651.03
016712,0,1,9,11,3645.43
016713,1,1,19,15,6923.13
016714,0,0,219,3,1161.53
016715,0,1,78,1,301.71999999999997
016716,0,0,267,2,901.2
016717,0,1,24,6,3858.38
016718,1,0,369,1,623.75
016719,0,1,15,7,1790.42
016720,0,1,26,1,155.24
016721,1,0,262,1,292.47
016722,0,1,17,13,4730.81
016723,0,1,91,2,589.15
016725,0,0,302,7,781.02
016726,1,1,26,5,1382.02
016727,0,0,364,1,272.82
016728,0,1,46,4,1054.67
016729,0,1,38,21,7239.92
016730,0,1,52,3,743.11
016732,0,1,32,1,603.75
016734,0,1,52,3,650.51
016735,0,1,79,5,2300.56
016737,0,1,53,1,417.6
016738,0,0,298,1,3.75
016739,0,0,177,1,323.0
016742,0,1,47,1,464.9
016743,0,1,29,7,2238.09
016744,0,1,11,7,1304.76
016745,0,1,87,17,7194.3
016746,0,1,5,18,6697.66
016747,0,1,38,2,836.0600000000001
016748,0,1,18,5,1515.9
016750,0,1,45,5,623.93
016751,0,1,31,1,1764.72
016752,0,0,373,1,207.5
016753,0,1,58,1,223.92000000000002
016754,0,0,372,1,2002.4
016755,0,1,114,3,1496.83
016756,0,0,215,1,239.4
016757,0,0,319,1,106.83000000000001
016758,0,1,65,1,369.34000000000003
016759,0,1,8,3,789.79
016761,0,1,97,1,316.62
016762,0,1,20,3,1501.38
016763,0,0,199,1,611.8499999999999
016764,0,1,4,13,2799.25
016765,0,0,294,1,34.0
016766,0,0,273,2,1145.6
016767,0,1,31,11,5580.6
016768,1,1,48,3,478.09000000000003
016769,0,0,260,1,380.39
016770,0,1,58,5,770.1
016771,0,1,33,5,2246.81
016773,0,1,57,1,171.59
016774,0,1,68,4,661.52
016775,0,1,10,11,1695.66
016776,0,1,60,1,388.28
016777,0,1,80,2,226.35
016778,0,1,74,2,245.94
016779,0,1,2,22,10629.72
016780,0,1,100,2,425.19
016781,0,0,372,1,311.25
016782,0,1,10,13,2279.9
016784,0,1,20,1,107.6
016788,0,1,123,2,597.48
016789,0,1,8,1,80.80000000000001
016790,0,1,4,6,1545.6200000000001
016791,0,1,29,7,1721.78
016792,0,0,282,2,110.38
016793,0,1,57,1,243.84
016794,0,1,1,10,1222.71
016795,0,0,365,1,414.88
016796,0,1,89,1,305.62
016800,0,1,11,1,1201.49
016801,0,0,163,4,1619.73
016803,0,1,65,1,332.3
016804,0,1,23,3,536.99
016805,0,0,174,2,460.59000000000003
016806,0,1,103,4,801.49
016807,0,0,143,3,1121.59
016808,0,1,99,2,288.42
016809,0,1,23,5,914.69
016810,0,0,192,1,309.54
016811,0,1,5,2,547.07
016812,0,0,361,1,479.35
016813,0,1,8,10,1692.98
016814,1,1,14,21,6509.1
016816,0,1,103,4,417.06
016817,0,1,3,9,1604.75
016818,0,1,11,11,3349.57
016820,0,1,96,1,497.61
016823,0,0,227,1,358.38
016824,0,1,16,2,460.64
016825,0,1,39,2,775.18
016826,0,1,51,1,341.7
016828,0,1,93,2,128.5
016829,0,0,157,1,197.22
016830,0,1,39,1,325.91
016832,0,0,184,3,199.15
016833,0,1,1,4,1106.53
016834,0,0,228,1,413.46
016835,0,1,128,2,180.85
016836,0,1,40,2,251.87
016837,0,1,31,11,3170.98
016838,0,0,197,2,588.85
016839,0,1,9,34,16594.35
016841,0,1,37,6,1869.82
016842,0,1,101,3,1264.19
016843,0,1,43,16,10196.57
016846,0,1,50,1,214.32
016847,0,1,43,1,193.44
016848,0,1,53,1,281.42
016849,0,0,187,1,124.57
016850,0,0,334,1,332.41
016851,0,1,4,3,342.45
016852,0,1,10,2,144.91
016855,0,1,24,2,328.40000000000003
016856,0,1,15,1,35.400000000000006
016858,0,0,369,1,375.69000000000005
016859,0,0,145,2,747.81
016861,0,1,60,2,173.76
016863,0,1,31,2,502.8
016866,0,1,141,3,207.74
016869,0,1,23,4,825.4200000000001
016871,0,1,22,6,2812.34
016872,0,1,77,3,680.02
016873,0,1,5,6,7123.62
016875,0,1,67,5,2095.53
016877,1,1,12,6,853.72
016878,0,1,84,1,13.3
016880,0,1,31,7,1519.08
016881,0,1,67,1,432.0
016882,0,1,67,3,705.12
016883,0,0,187,2,276.73
016884,0,1,38,2,429.84
016885,0,1,15,3,471.51
016887,0,1,35,1,194.88
016889,0,0,195,3,1578.67
016891,0,1,2,5,809.7
016892,0,1,1,5,525.54
016893,0,0,367,1,145.93
016895,0,1,65,1,219.14
016897,0,0,299,2,289.78
016898,0,1,26,3,508.81
016899,0,1,8,6,1281.56
016900,0,1,17,3,887.11
016902,0,1,116,1,1706.88
016903,0,1,29,1,373.24
016904,0,1,4,16,3754.27
016905,0,1,5,7,3102.43
016906,0,1,82,4,579.77
016907,0,1,29,5,981.65
016909,0,1,72,1,379.14
016910,0,1,4,8,1510.06
016912,0,1,29,11,2575.38
016913,0,0,290,1,113.44
016914,0,1,36,1,208.46
016915,0,1,9,6,621.6800000000001
016916,0,1,24,2,576.26
016917,1,0,277,1,391.52
016918,0,1,49,6,1068.82
016919,0,0,156,11,2596.45
016921,0,1,61,1,169.79
016923,0,1,12,19,7247.61
016924,0,1,21,3,846.75
016926,0,0,371,1,230.25
016927,0,1,116,3,543.05
016928,0,1,80,17,2847.6
016929,0,1,4,7,1295.39
016930,0,1,26,3,380.55
016931,0,1,5,21,4604.22
016932,0,1,53,1,161.94
016933,0,1,1,2,563.23
016934,0,1,55,2,950.9300000000001
016936,0,1,26,1,262.68
016938,0,1,9,4,2736.38
016940,0,1,52,3,3049.88
016942,0,1,13,9,1920.59
016943,0,0,212,3,816.73
016945,0,1,22,19,4345.5
016947,0,0,236,1,406.48
016948,0,1,139,3,435.02
016949,0,1,4,6,1286.27
016950,0,1,57,4,1178.56
016951,0,1,135,3,1277.75
016952,0,1,109,2,167.61
016953,0,1,30,1,20.8
016954,0,1,1,9,2085.08
016955,0,0,185,4,518.67
016956,0,1,18,1,308.74
016957,0,0,239,2,416.64
016959,0,1,87,1,117.35000000000001
016960,0,1,39,3,507.05
016961,0,1,116,1,234.17000000000002
016963,0,0,187,1,110.55000000000001
016965,0,0,227,1,201.19
016966,0,1,8,7,2154.97
016967,0,0,189,1,319.02
016968,0,1,4,2,439.43
016969,0,1,39,3,650.41
016971,0,1,38,1,357.21
016976,0,0,267,1,251.51999999999998
016978,0,1,77,1,344.33
016979,0,1,4,6,1852.0
016980,0,0,255,2,1078.96
016982,0,1,61,1,384.06
016983,0,1,13,7,1931.25
016984,0,1,88,2,4481.35
016985,0,1,17,10,5464.12
016986,0,1,30,2,1873.2
016987,0,1,3,7,1625.05
016988,0,1,5,1,126.12
016989,1,1,7,6,1133.25
016990,0,0,219,1,179.0
016992,0,1,11,5,1614.31
016996,0,1,30,6,1456.96
016997,0,0,288,3,702.0
016998,0,0,150,4,295.0
016999,0,1,23,2,484.82
017001,0,1,1,11,3989.57
017002,0,1,86,3,1493.73
017004,0,1,46,2,1412.94
017006,0,1,5,4,781.78
017007,0,1,51,6,889.9300000000001
017010,0,1,18,1,195.36
017011,0,1,30,1,270.9
017014,0,1,8,3,586.33
017015,1,1,29,3,1842.56
017017,0,1,3,20,8694.26
017018,0,1,41,2,920.1
017019,0,1,11,4,1272.61
017022,0,1,31,1,71.0
017024,0,1,45,3,95.85
017025,0,1,61,3,357.77
017026,0,0,185,2,154.83
017027,0,1,79,6,890.29
017029,0,1,111,2,716.0
017030,0,1,64,1,146.87
017031,0,1,12,2,380.35
017033,0,1,86,3,1030.14
017034,0,1,16,3,745.52
017035,0,0,246,2,433.53000000000003
017037,0,1,88,1,1267.32
017038,0,1,30,1,112.4
017040,0,1,138,1,449.73
017041,0,1,27,3,1081.57
017042,0,1,3,5,1044.38
017043,0,1,32,4,1735.18
017044,0,1,25,1,948.48
017045,0,1,113,3,339.44
017046,0,0,157,1,642.02
017047,0,1,85,3,1100.9
017048,0,1,118,3,925.35
017049,0,1,3,9,5659.9800000000005
017050,0,1,96,6,3228.84
017051,0,0,194,1,247.14
017052,0,1,28,1,413.75
017053,0,1,131,1,498.48
017054,0,1,28,5,1356.33
017058,0,1,82,3,1179.89
017059,0,1,30,5,3095.04
017060,0,0,266,1,234.24
017061,0,1,74,11,5232.2300000000005
017062,0,0,314,4,538.37
017063,0,1,21,7,1461.14
017064,0,1,59,3,859.35
017068,0,1,12,21,4552.14
017069,0,1,28,9,2709.7000000000003
017070,0,1,114,1,312.14
017071,0,1,28,9,2429.03
017073,0,1,18,4,1446.09
017075,0,1,18,4,834.12
017076,0,1,36,3,841.0799999999999
017078,0,1,36,2,378.2
017079,0,1,78,1,118.80000000000001
017080,0,1,22,2,287.62
017081,0,1,25,2,290.16
017082,0,1,33,2,2003.8500000000001
017083,0,1,109,3,1405.78
017084,0,1,35,2,2949.75
017085,0,1,123,5,1566.65
017086,0,1,7,6,2050.08
017088,0,1,28,4,1991.01
017090,0,1,4,7,2043.95
017091,0,1,3,9,3827.76
017092,0,1,50,4,1777.78
017094,0,0,322,1,302.0
017095,0,1,23,3,1324.16
017096,0,1,15,4,1022.13
017100,0,1,18,2,971.74
017101,1,1,10,4,1621.73
017102,0,0,262,1,25.5
017105,0,0,159,2,665.78
017107,0,1,33,6,10815.43
017109,0,1,29,6,885.04
017110,0,0,165,1,163.29999999999998
017111,0,1,47,1,248.61
017114,0,1,6,8,808.62
017115,0,1,8,3,837.5
017117,0,0,288,1,116.2
017118,0,0,318,1,157.02
017119,0,1,3,2,606.91
017120,0,0,233,1,307.46
017122,0,1,119,1,138.32
017123,0,0,162,1,345.3
017124,0,0,185,1,298.89
017125,0,1,50,1,259.35
017126,1,1,152,5,1004.75
017128,0,0,335,1,157.09
017131,0,1,5,5,2463.17
017133,0,1,16,7,4892.240000000001
017134,0,1,107,2,425.0
017135,0,1,16,7,1139.73
017138,0,0,276,1,380.5
017139,1,1,16,12,10668.47
017140,0,0,247,1,465.32
017142,0,0,239,1,579.0
017144,0,1,1,2,984.57
017146,0,1,106,3,749.78
017147,0,1,23,4,1714.59
017148,0,1,52,1,124.88
017152,0,0,195,3,1689.5
017153,0,1,24,1,213.78
017154,0,1,75,1,329.34
017155,0,1,18,2,251.7
017157,0,1,8,2,319.0
017158,0,1,32,3,1266.97
017159,0,1,22,3,1538.88
017160,0,1,31,6,3518.03
017162,0,1,29,10,1715.46
017163,0,1,22,2,293.1
017164,0,1,33,7,2467.35
017165,0,0,284,1,158.68
017166,0,1,39,2,206.34
017169,0,1,58,2,835.78
017171,0,0,289,1,224.91
017172,0,1,79,1,317.76
017173,0,1,5,8,3766.6
017174,0,0,218,1,59.9
017175,0,1,44,4,1443.69
017176,0,0,202,1,306.13
017179,0,0,178,3,711.79
017180,0,1,56,4,796.03
017181,0,1,57,2,239.92000000000002
017183,0,1,8,6,3347.31
017186,0,1,47,2,144.0
017187,0,0,227,1,203.95
017188,0,1,11,7,2474.23
017189,0,1,106,2,384.4
017190,0,1,59,2,444.74
017191,0,1,28,7,2095.13
017193,0,1,36,7,1699.3
017194,0,0,274,2,262.62
017197,0,1,30,1,1013.01
017198,0,1,24,3,692.22
017201,0,1,54,1,342.63
017203,0,1,36,6,3563.85
017204,0,0,175,4,1564.56
017205,0,1,54,1,384.08
017206,0,1,53,1,204.24
017211,0,1,27,8,2317.2200000000003
017212,0,0,253,1,226.85
017213,0,1,40,7,2781.23
017214,0,1,60,6,1069.1200000000001
017217,0,0,234,1,113.5
017218,0,1,4,10,1960.72
017219,0,1,32,1,114.23
017220,0,1,24,14,3198.25
017221,0,1,7,2,335.13
017222,0,1,65,1,354.15
017223,0,0,310,2,426.79
017226,0,0,309,1,393.49
017227,0,1,19,6,939.32
017228,0,1,16,8,1906.09
017229,0,1,96,2,318.76
017230,0,0,264,8,3638.41
017231,0,1,12,10,3174.32
017232,0,1,3,2,421.52
017233,0,1,35,1,190.88
017234,0,0,183,1,149.89
017235,0,1,25,2,550.0600000000001
017236,1,1,13,6,916.13
017237,0,1,11,2,314.69
017238,0,1,3,17,3744.65
017239,0,0,313,1,382.5
017242,0,1,108,2,1135.04
017243,0,1,1,26,8676.85
017244,0,1,53,1,954.9
017245,0,0,205,1,171.45000000000002
017247,0,1,15,1,282.19
017248,0,1,120,1,318.65
017250,0,1,4,2,384.52
017251,0,0,363,1,283.28000000000003
017252,0,1,117,2,353.86
017253,0,1,18,1,178.26
017254,0,1,5,2,272.44
017255,1,1,41,2,298.41
017256,0,1,107,2,240.0
017259,0,0,148,2,603.37
017262,0,1,52,5,1253.3600000000001
017263,0,0,208,1,63.440000000000005
017265,0,1,139,2,562.9
017266,0,1,2,3,310.64
017267,0,1,127,2,317.62
017268,0,1,108,4,763.64
017272,0,1,42,4,2148.63
017274,0,1,35,1,111.98
017277,0,0,228,2,1065.3500000000001
017278,0,0,241,1,246.04000000000002
017279,0,1,58,1,187.82999999999998
017282,0,1,130,3,1703.41
017284,1,1,60,6,1652.58
017286,0,1,22,1,153.92
017287,0,1,26,7,1064.11
017288,0,1,9,7,1419.73
017289,0,1,32,3,944.41
017290,0,1,4,2,525.24
017291,0,0,308,1,550.8000000000001
017293,0,1,8,9,1875.11
017295,0,1,29,3,556.95
017297,1,1,17,1,131.78
017298,0,1,101,2,498.42
017299,0,1,12,4,669.11
017301,0,1,21,1,197.63
017302,0,1,15,5,1135.63
017303,0,0,361,1,250.04
017306,0,1,11,19,8631.31
017309,0,1,95,1,82.75
017311,0,1,78,2,1384.85
017312,0,1,139,3,644.3
017313,0,1,31,1,2328.84
017314,0,1,25,8,2527.92
017315,1,1,2,38,6292.26
017317,0,1,46,3,2600.34
017320,0,1,100,3,1200.6200000000001
017321,0,1,8,2,700.86
017323,0,1,15,7,921.0699999999999
017324,0,1,18,4,990.23
017325,0,0,280,1,96.8
017329,0,1,14,2,523.11
017330,0,1,23,2,363.9
017331,0,1,124,1,175.2
017333,0,1,86,1,494.25
017334,0,0,302,2,307.02000000000004
017337,0,0,151,4,2027.8700000000001
017338,0,1,17,8,6643.93
017339,0,1,94,2,243.36
017340,0,1,30,11,12353.29
017341,0,0,157,3,781.36
017343,0,0,355,1,193.64
017344,0,1,46,1,160.57
017345,0,1,15,4,537.74
017346,0,1,4,15,2676.56
017347,0,1,86,1,228.96
017348,0,1,15,5,1159.52
017349,0,0,179,1,110.75
017350,0,1,8,4,1286.07
017351,0,1,36,3,587.15
017353,0,1,129,2,1740.0
017354,0,1,51,1,1393.06
017356,0,0,312,1,178.22
017357,0,1,24,2,388.14
017358,0,0,303,2,365.85
017359,0,1,11,1,127.86
017360,0,1,17,3,585.79
017361,0,1,49,3,488.2
017362,0,0,239,2,312.23
017364,0,1,1,11,4481.18
017365,0,1,13,8,4801.56
017367,0,0,238,1,168.4
017368,0,1,23,8,1912.67
017370,0,1,73,4,446.18
017371,0,1,17,3,423.89
017372,0,1,41,8,1342.68
017373,0,1,40,4,646.92
017374,0,0,219,2,495.77
017375,0,0,199,3,400.1
017376,0,1,71,2,203.2
017377,0,1,24,20,4100.92
017379,0,1,11,1,404.66
017381,0,1,9,29,20275.61
017382,0,1,65,1,65.4
017383,0,1,4,1,199.29
017384,0,1,19,2,336.4
017385,0,1,15,1,261.11
017386,0,1,8,6,2686.42
017387,0,1,20,2,784.11
017388,0,1,78,4,1259.56
017389,0,1,1,34,31833.68
017391,0,0,164,2,508.8
017392,0,0,307,2,457.91
017394,0,0,219,1,203.86999999999998
017396,0,1,39,8,7330.8
017397,0,1,22,2,696.41
017398,0,1,115,3,653.38
017400,0,1,126,5,2129.96
017402,0,1,5,13,2633.85
017403,0,1,36,1,281.62
017405,0,1,1,3,1031.41
017406,0,0,333,3,2200.42
017408,0,0,163,1,32.65
017409,0,0,185,2,771.85
017410,0,1,16,5,1214.72
017411,0,1,12,3,778.94
017412,0,1,3,7,1258.06
017414,0,1,44,2,778.0
017415,0,1,79,1,507.84
017416,0,1,30,7,6893.42
017418,0,1,42,2,463.46000000000004
017419,0,1,11,12,4226.57
017420,0,1,50,3,598.83
017422,0,1,16,6,1979.37
017423,0,1,46,2,698.41
017425,0,1,19,2,759.1700000000001
017426,1,1,8,6,5037.26
017427,0,1,72,1,100.8
017428,0,1,1,28,17256.85
017429,0,1,128,3,524.9200000000001
017430,0,1,33,2,265.76
017431,0,0,313,1,403.3
017432,0,1,18,2,365.76
017433,0,1,88,1,303.16
017434,0,1,2,7,2373.82
017436,0,1,2,2,216.3
017438,0,0,254,1,388.45000000000005
017440,0,0,157,3,186.42000000000002
017442,0,1,37,6,2248.56
017446,0,0,177,2,120.89999999999999
017447,0,1,40,2,541.53
017449,0,1,2,7,2520.86
017450,0,1,8,46,194550.79
017451,0,1,1,7,1721.4
017453,0,1,18,2,486.72
017454,0,0,192,4,517.53
017455,0,0,204,1,131.7
017456,0,0,365,1,249.86
017457,0,1,127,5,1737.7
017458,0,1,15,1,316.5
017459,1,1,43,2,657.3
017460,0,1,94,6,622.4300000000001
017461,0,1,23,3,757.46
017462,0,1,60,2,675.69
017463,0,1,16,5,1896.41
017464,0,0,158,1,289.96000000000004
017466,0,1,10,2,763.28
017468,0,1,10,2,137.0
017469,0,1,16,5,1870.97
017470,0,1,45,5,1125.07
017472,0,0,191,3,710.29
017475,0,1,79,1,194.37
017480,0,1,78,1,511.82
017481,0,1,4,4,1255.59
017483,0,1,65,3,414.04
017486,0,0,261,1,396.87
017489,0,1,59,2,376.64
017490,0,1,1,7,2092.32
017491,0,1,1,10,3558.87
017492,0,0,248,1,374.57
017495,0,1,8,2,497.56
017496,0,0,359,1,271.05
017498,0,1,76,1,272.21999999999997
017499,0,0,290,1,622.88
017500,0,1,17,3,1138.0
017501,0,0,221,2,288.6
017502,0,1,9,4,689.1
017503,0,1,3,2,558.96
017504,0,0,206,9,2997.03
017505,0,0,161,2,1145.8400000000001
017506,0,1,76,1,302.2
017507,0,0,262,2,605.58
017509,0,1,58,8,6115.14
017510,0,1,25,1,308.48
017511,0,1,3,31,91062.38
017512,1,1,29,10,2924.9900000000002
017513,0,1,72,1,513.2
017514,0,1,128,1,208.65
017515,0,1,31,4,639.02
017516,0,1,15,5,768.08
017517,0,0,309,1,153.94
017519,0,1,17,6,1844.02
017520,0,1,54,1,546.81
017521,0,1,30,3,723.21
017522,0,1,2,5,1070.71
017523,0,1,11,4,652.74
017524,0,0,361,1,145.0
017525,0,0,360,1,422.7
017526,0,1,5,4,1195.8999999999999
017527,0,1,54,4,939.37
017528,0,1,1,8,3628.5
017530,1,1,1,10,2385.0
017531,0,0,190,1,296.7
017534,0,1,54,1,223.36
017535,0,0,280,1,164.4
017536,0,0,177,1,76.5
017537,0,1,30,2,897.62
017538,0,1,26,1,98.42
017540,0,1,25,2,578.9
017542,0,0,270,1,170.75
017545,0,1,43,3,645.96
017548,0,0,234,1,103.3
017549,0,1,24,2,148.86
017550,0,0,197,3,267.16
017551,0,0,359,1,306.84
017552,0,1,60,4,930.41
017553,0,1,130,1,1487.6
017554,0,1,1,5,1952.45
017555,0,1,20,2,483.26
017556,0,0,206,1,157.9
017557,0,1,14,3,541.46
017560,0,1,95,4,854.95
017561,0,1,19,1,167.62
017562,0,1,14,7,1122.38
017564,0,1,24,3,454.01
017566,1,1,8,2,901.21
017567,0,1,7,8,4331.48
017569,0,0,332,1,344.14
017571,1,1,50,4,1498.51
017572,0,1,71,4,226.75000000000003
017573,0,1,29,3,380.6
017574,0,0,243,1,185.65
017576,0,1,8,19,3622.68
017578,0,0,218,1,143.45999999999998
017579,0,1,5,3,448.90000000000003
017580,0,0,253,3,215.72
017581,0,1,1,25,11045.04
017582,0,0,236,1,175.27
017584,0,1,7,2,1242.3
017585,0,1,109,4,1133.07
017588,0,1,100,3,1240.2
017589,0,1,60,4,2404.17
017590,0,1,2,3,1479.22
017591,1,1,73,7,2225.9700000000003
017593,0,1,4,5,3927.34
017594,0,1,85,2,993.1800000000001
017595,0,1,12,2,388.79
017596,0,1,23,7,2827.93
017597,0,0,214,1,2044.3700000000001
017600,0,1,18,1,161.67000000000002
017601,0,0,239,1,116.00999999999999
017602,0,1,2,6,5102.97
017603,0,1,78,1,394.72
017604,0,0,217,2,309.36
017608,0,1,33,2,193.42
017609,0,1,41,5,1112.22
017611,1,1,7,15,3984.22
017612,0,1,53,6,2048.45
017613,1,1,23,14,4559.150000000001
017614,0,1,57,1,390.07
017615,0,1,130,3,329.6
017616,0,0,174,3,571.1999999999999
017618,0,1,6,3,971.58
017619,0,0,312,1,218.52
017620,0,1,60,1,81.44
017621,0,1,21,3,1379.9
017623,0,1,33,1,527.05
017624,0,1,15,2,843.48
017625,1,1,18,4,2047.0
017628,0,1,81,1,75.75
017629,0,1,6,8,1814.1200000000001
017630,0,0,170,2,503.6
017631,0,1,2,3,528.33
017633,0,1,31,4,1324.84
017634,0,1,36,9,2361.9700000000003
017636,0,1,19,1,285.56
017637,0,1,31,2,547.0600000000001
017639,0,0,276,1,108.5
017640,0,1,87,1,621.66
017642,0,1,120,2,712.29
017643,0,0,373,1,101.55
017644,0,1,1,11,2895.64
017646,0,0,219,3,1008.39
017647,0,1,65,1,133.06
017648,0,1,61,4,1797.5
017649,0,1,138,1,868.49
017650,0,1,21,1,166.07999999999998
017651,0,1,12,10,3945.0
017652,0,1,25,12,4867.72
017653,0,1,37,4,1207.56
017654,0,0,277,1,117.55
017655,0,1,11,7,2638.94
017656,0,1,73,5,1674.69
017658,0,1,26,2,595.42
017659,0,1,17,12,2999.46
017660,0,0,141,1,196.0
017663,0,1,26,7,1802.91
017664,0,1,19,2,604.64
017666,0,1,4,2,728.16
017667,0,1,66,5,2055.51
017668,0,1,1,2,347.75
017669,0,1,43,7,3406.7200000000003
017670,0,0,228,1,205.7
017671,0,1,16,4,1572.71
017672,0,1,50,2,3178.17
017673,0,1,1,6,1629.12
017674,0,1,74,2,551.04
017675,0,1,1,31,20374.28
017676,0,1,4,6,1387.68
017677,0,1,2,30,16363.23
017678,0,0,264,1,298.11
017679,0,1,53,2,1992.1100000000001
017680,0,1,24,1,184.4
017682,0,1,10,6,2474.33
017684,0,1,44,1,239.41
017685,0,1,17,7,3191.53
017686,0,1,7,7,5739.46
017690,0,1,30,15,4757.95
017691,0,0,358,2,290.40000000000003
017692,0,1,127,4,740.94
017693,0,1,137,1,200.47
017694,0,0,142,1,283.12
017695,0,1,132,2,765.34
017696,0,1,38,8,2285.71
017697,0,0,236,1,338.95
017698,0,0,261,1,154.95
017700,0,1,17,4,2534.64
017701,0,0,253,1,417.95
017702,0,1,30,4,1824.37
017703,0,1,35,3,798.74
017704,0,0,169,2,885.19
017705,0,1,3,9,1823.52
017706,0,1,4,17,10504.49
017707,0,0,185,2,152.4
017708,0,0,188,2,267.08
017709,0,0,170,1,137.45
017711,0,1,11,2,385.1
017712,0,1,45,1,522.91
017714,0,0,321,1,153.0
017715,0,0,201,1,326.4
017716,0,1,23,11,5655.99
017718,0,0,232,1,139.35
017719,0,1,38,15,5396.04
017720,0,1,26,4,1195.94
017722,0,1,96,4,2424.04
017723,0,1,127,6,3276.4000000000005
017724,0,1,71,3,1033.0
017725,0,1,16,11,3439.08
017727,0,1,15,1,1060.25
017728,0,1,4,3,2876.01
017730,0,1,3,13,5298.4800000000005
017731,0,1,79,4,1240.11
017732,0,0,373,1,303.97
017733,0,1,39,2,692.19
017734,0,1,54,3,700.63
017735,0,1,2,19,13110.02
017736,0,1,9,3,377.44
017737,0,1,9,2,168.24
017738,0,1,19,4,1879.05
017739,0,1,12,7,2791.35
017742,0,1,113,2,355.11
017744,0,1,4,6,2322.4
017746,0,0,240,1,110.25
017747,0,1,113,1,71.4
017749,0,0,178,2,674.52
017750,0,1,5,9,1797.57
017752,0,0,359,1,80.64
017754,0,1,1,5,1772.26
017757,0,1,1,30,5605.29
017758,0,1,19,8,3456.7
017759,0,1,17,3,834.99
017760,0,1,22,2,287.59
017761,0,1,33,1,712.78
017763,0,0,263,1,15.0
017764,0,1,51,2,818.82
017765,0,0,159,3,371.88
017767,0,1,15,1,271.2
017768,0,1,8,3,2273.1800000000003
017769,1,1,13,10,3997.98
017770,0,0,199,5,1143.27
017771,0,1,57,2,245.81
017772,0,1,11,2,182.77
017774,0,1,97,4,1225.41
017775,0,0,255,1,56.4
017777,0,1,25,3,665.86
017779,0,1,21,3,658.57
017781,0,0,159,2,188.02
017783,1,1,72,2,283.47
017785,0,1,53,1,131.94
017786,0,1,85,2,278.74
017787,0,0,153,4,1865.19
017788,0,1,74,2,1117.9
017789,0,0,281,1,225.9
017790,0,1,27,14,1965.55
017791,0,1,30,1,106.1
017793,0,1,25,1,323.04
017795,0,0,180,2,350.39
017796,0,1,40,4,697.9
017797,1,1,22,3,780.43
017799,0,1,22,10,3055.93
017800,0,1,37,9,1199.01
017802,0,1,82,3,1285.04
017805,0,1,74,1,512.31
017806,0,1,11,1,546.04
017809,0,1,16,12,5411.91
017811,0,1,4,39,7837.7300000000005
017812,0,1,13,4,732.16
017813,0,1,14,5,1770.88
017816,0,1,37,4,36.56
017817,0,1,4,3,387.68
017819,0,1,72,7,3704.87
017824,0,1,51,1,298.4
017827,0,1,5,5,1995.46
017830,0,1,2,3,398.7
017831,0,1,33,1,35.400000000000006
017832,0,1,50,1,155.37
017835,0,1,3,3,350.64
017836,0,1,47,1,110.21000000000001
017837,0,1,42,8,1593.38
017838,0,1,27,5,2779.3
017839,0,1,42,1,338.8
017841,1,1,2,124,40991.57
017843,0,0,303,1,205.48
017846,0,1,85,1,2033.1
017848,0,1,81,9,901.2
017849,0,0,218,4,605.8000000000001
017850,0,0,372,34,5391.21
017852,0,1,12,2,114.34
017854,0,0,185,2,311.26
017855,0,0,373,1,208.97
017856,0,1,2,4,1418.03
017857,0,1,4,23,26879.04
017858,0,1,6,12,5155.66
017859,0,0,305,1,148.21
017860,0,0,369,1,252.8
017861,0,1,3,8,2100.8
017862,0,0,324,1,330.9
017863,0,1,59,6,3160.0
017864,0,1,13,3,597.5
017865,0,1,31,20,10526.32
017866,0,0,143,1,329.65000000000003
017867,0,1,30,6,1197.1000000000001
017869,0,1,107,5,428.18
017870,0,1,2,12,1894.35
017871,0,0,205,1,155.9
017873,0,1,80,5,1859.16
017874,0,0,185,6,683.46
017877,0,0,170,1,237.61
017878,0,1,44,1,379.45
017879,0,0,174,1,178.52
017880,0,0,365,1,458.92
017881,0,0,304,1,133.35
017883,0,1,3,4,671.77
017884,0,1,4,4,717.45
017885,0,1,12,1,190.19
017886,0,1,32,3,899.61
017887,0,1,129,1,111.35
017888,0,1,21,8,726.05
017889,0,0,212,2,203.87
017890,0,0,323,2,602.09
017891,0,0,162,1,203.85999999999999
017892,0,1,56,3,244.1
017893,0,0,225,1,112.25
017894,0,1,72,8,1119.81
017895,0,1,44,1,98.0
017896,0,1,23,1,256.32
017897,0,0,173,3,566.6
017898,0,1,85,2,152.06
017899,0,0,159,1,155.8
017900,0,0,190,2,112.19999999999999
017901,0,1,29,1,110.38
017904,0,1,21,1,191.67000000000002
017905,0,1,71,4,800.24
017906,0,0,247,1,72.9
017908,0,0,374,1,243.28
017911,0,1,9,1,366.23
017912,0,0,310,5,311.01
017913,0,1,59,2,411.6
017914,0,1,4,1,336.43
017917,0,1,45,3,341.28
017919,0,1,88,1,1304.04
017920,0,1,4,17,4204.1
017921,0,1,64,4,826.52
017923,0,0,282,1,207.50000000000003
017924,0,1,12,7,2962.5
017925,0,0,373,1,244.08
017926,0,1,133,2,397.29
017928,0,1,45,2,212.54
017929,0,1,11,4,843.0
017930,0,1,36,5,1740.48
017931,0,1,134,2,408.36
017932,1,1,29,3,1331.57
017934,0,1,52,2,704.25
017935,0,1,138,2,145.79
017936,0,1,5,1,389.84
017937,0,1,9,7,4301.22
017939,0,0,160,1,99.14
017940,0,1,49,10,4106.4400000000005
017941,0,1,131,1,304.56
017942,0,1,8,1,77.50000000000001
017946,0,0,233,2,149.57999999999998
017947,0,1,37,1,176.68
017948,0,0,147,1,358.56000000000006
017949,0,1,1,45,58510.48
017950,0,1,72,3,482.2
017951,0,1,40,3,1008.5400000000001
017954,0,1,5,12,2332.72
017955,0,0,199,4,557.3
017956,0,0,249,1,12.75
017957,0,1,66,1,111.68
017958,0,1,117,1,508.46000000000004
017960,0,0,171,1,73.78
017961,0,1,21,39,1296.44
017962,0,0,142,1,102.83
017964,0,1,32,2,471.7
017965,0,1,38,14,2622.57
017966,0,1,38,5,1098.43
017967,0,0,372,1,123.07
017968,0,0,374,1,277.35
017969,0,0,166,2,228.2
017970,0,0,211,1,582.59
017972,0,0,242,1,136.04
017973,0,1,52,1,337.04
017974,0,1,25,3,740.79
017975,0,1,15,13,4488.81
017976,0,0,372,1,353.19
017977,0,1,29,1,288.14
017978,0,0,365,1,300.91999999999996
017979,0,1,36,4,757.71
017980,0,0,166,3,811.45
017984,0,0,145,1,152.68
017985,0,1,22,1,634.95
017986,0,1,56,1,20.8
017987,0,0,185,1,198.57
017988,0,1,12,7,201.12
017990,0,0,237,3,630.84
017991,0,0,225,2,93.35
017994,0,1,122,4,678.49
017995,0,0,282,1,76.1
017997,0,1,74,8,1970.67
017999,0,1,37,2,382.06
018001,0,1,12,2,417.23
018004,0,0,362,1,169.47
018005,0,1,4,2,249.72
018006,0,1,23,1,444.68
018008,0,1,70,9,2116.19
018009,0,0,235,1,257.34
018010,0,0,257,1,174.8
018011,0,0,373,1,102.78999999999999
018013,0,0,155,2,187.29
018014,0,1,28,1,166.42
018015,0,1,4,1,120.03
018016,0,1,32,5,1483.56
018017,0,1,81,3,523.0
018018,0,1,108,2,122.14
018019,0,1,52,1,38.45
018022,0,1,36,1,668.11
018024,0,0,153,2,389.78
018027,0,1,99,1,115.31
018030,0,1,4,2,230.64999999999998
018032,0,0,334,1,73.5
018033,0,1,65,1,97.97
018034,0,1,22,2,422.88
018035,0,1,36,3,730.4
018036,0,1,32,3,405.62
018037,0,0,154,6,70.02
018040,0,1,19,2,357.20000000000005
018041,1,1,12,21,4183.39
018042,0,1,54,1,165.04999999999998
018043,0,1,25,3,559.51
018044,0,1,4,10,2088.6
018045,0,1,45,1,189.4
018048,0,0,203,2,172.29000000000002
018050,0,0,359,1,74.4
018053,0,1,71,1,300.02
018055,0,1,7,10,6784.1900000000005
018056,0,0,288,1,363.65
018058,0,1,10,1,170.16
018059,0,1,23,3,306.46
018061,0,1,22,10,2119.41
018062,0,0,173,3,720.52
018064,0,1,133,2,814.0
018065,0,1,6,14,2392.83
018066,0,1,75,1,318.0
018067,0,1,40,1,396.33
018068,0,0,289,1,101.7
018069,0,1,26,5,2036.67
018071,0,0,258,2,453.0
018072,0,0,186,1,247.44
018073,0,1,114,12,3877.5200000000004
018074,0,0,374,1,489.6
018075,0,1,23,10,2611.75
018077,1,1,8,11,2633.01
018078,0,0,217,2,336.13
018079,0,1,45,4,3651.97
018080,0,1,19,2,1231.5
018081,0,1,36,3,343.45
018082,0,1,26,1,703.37
018084,0,1,16,1,90.48
018085,0,0,330,2,689.95
018086,0,0,274,1,101.34
018087,0,1,98,2,4055.7200000000003
018088,0,1,61,1,167.67000000000002
018092,0,1,2,11,9068.26
018093,0,1,93,4,2106.52
018094,0,1,82,7,3017.3
018095,0,0,312,2,580.05
018096,0,1,12,3,911.15
018097,0,1,8,6,2697.8
018099,0,1,127,1,168.31
018101,0,1,11,2,223.65
018102,0,1,1,60,259657.3
018104,0,1,37,1,754.64
018105,0,1,38,1,113.48000000000002
018106,0,0,330,1,430.7
018108,0,0,254,1,271.0
018109,0,1,2,26,8052.97
018110,0,1,20,1,236.3
018112,0,1,12,2,352.69
018113,0,0,369,1,76.32000000000001
018114,0,0,290,1,220.1
018116,0,1,68,8,1418.03
018117,0,1,26,1,320.71999999999997
018118,1,1,11,26,5653.82
018119,0,0,368,1,181.12
018120,0,0,214,1,111.15
018121,0,0,149,2,673.1
018122,0,1,8,6,1826.21
018123,0,1,24,2,589.4399999999999
018125,0,1,30,4,1142.99
018126,0,1,61,1,206.83
018127,0,1,19,3,348.73
018129,0,0,243,1,112.55000000000001
018130,0,1,15,3,1059.39
018133,0,0,212,1,931.5
018135,0,1,29,5,681.91
018136,0,1,63,3,784.33
018138,0,0,295,1,152.65
018139,0,1,18,6,8438.34
018142,0,0,157,2,1019.52
018143,0,1,117,2,1000.16
018144,0,1,8,12,2888.75
018145,0,1,13,4,2861.55
018146,0,0,141,2,160.35
018147,0,1,46,2,179.34
018149,0,1,51,3,612.0799999999999
018150,0,1,32,3,566.58
018151,0,1,135,2,653.35
018154,0,1,3,2,399.19
018155,0,1,75,3,371.62
018156,0,1,13,2,734.94
018158,0,1,9,2,453.4
018159,0,0,301,1,530.15
018160,0,1,57,2,638.0600000000001
018161,0,1,15,5,1618.69
018164,0,1,37,1,399.65
018165,0,0,177,1,302.46
018167,0,1,23,3,1384.8600000000001
018168,0,0,176,6,1169.94
018169,0,1,61,1,202.65
018170,0,1,33,3,980.3100000000001
018171,1,1,59,5,1231.31
018172,0,1,15,20,7561.68
018173,0,1,87,4,2106.84
018174,0,1,7,1,104.0
018176,0,0,358,1,476.35
018177,0,1,31,6,1341.42
018178,0,1,129,4,1590.81
018179,0,1,9,6,1793.17
018180,0,1,5,6,1843.75
018181,0,1,24,1,382.8
018183,0,0,227,2,632.07
018184,0,1,15,1,49.8
018185,0,0,249,1,304.25
018188,0,1,15,3,2001.04
018189,1,1,78,2,1090.24
018190,0,0,192,2,284.46000000000004
018191,0,0,262,1,207.8
018192,0,1,72,1,957.97
018193,0,0,165,1,243.76
018194,0,1,82,1,973.84
018196,0,1,95,2,689.13
018198,1,1,4,17,5425.56
018200,0,1,106,1,163.8
018202,0,0,200,3,1396.99
018203,0,0,157,1,160.42000000000002
018204,0,1,71,3,1993.7
018205,0,1,36,2,517.36
018209,0,1,29,1,139.10000000000002
018210,0,1,2,6,2621.38
018211,0,1,26,5,600.07
018212,0,0,326,1,248.42
018213,0,0,237,1,232.48000000000002
018215,0,1,89,1,299.34000000000003
018216,0,1,31,1,481.75
018217,0,1,29,2,621.75
018218,0,0,211,2,662.08
018219,0,1,3,10,2069.77
018220,0,0,227,1,305.28
018221,0,1,22,5,1041.61
018222,0,1,93,1,443.0
018223,0,1,5,14,6484.54
018224,0,0,264,1,158.95000000000002
018225,0,1,3,12,5509.12
018226,0,1,44,11,5228.05
018227,0,0,218,1,93.75
018228,0,1,57,2,779.9
018229,0,1,12,20,7276.9
018230,0,1,9,7,2810.2000000000003
018231,0,0,192,5,2083.27
018232,0,1,82,4,592.97
018233,0,0,326,1,440.0
018235,0,1,72,3,1796.48
018236,0,1,30,6,882.24
018237,0,1,3,5,987.1
018239,0,0,219,5,1561.6100000000001
018240,0,1,46,1,422.58
018241,0,1,10,17,2073.09
018242,0,1,72,4,2232.4900000000002
018245,1,1,7,7,2567.06
018246,0,1,24,2,596.1
018248,0,1,123,2,804.02
018249,0,1,17,1,95.34
018250,0,0,310,1,349.27
018251,0,1,87,1,4314.72
018252,0,1,51,2,526.67
018255,0,1,89,1,103.30000000000001
018257,0,1,39,8,2337.63
018259,0,1,25,3,2338.6
018260,0,0,173,6,2643.2000000000003
018261,0,1,43,2,324.24
018262,0,1,140,1,149.48
018263,0,1,26,3,1213.16
018265,0,1,72,2,801.51
018268,0,1,134,1,25.5
018269,0,0,366,1,168.60000000000002
018270,0,1,38,2,283.15000000000003
018272,0,1,3,6,3078.58
018273,0,1,2,3,204.0
018274,0,1,30,1,175.92
018276,0,1,44,1,335.86
018277,0,1,58,1,110.38
018278,0,1,74,1,173.9
018280,0,0,278,1,180.60000000000002
018281,0,0,181,1,80.82
018282,0,1,8,2,178.05
018283,0,1,4,16,2094.88
018287,0,1,43,3,1837.28
